smoothed loss,lr
1.456444263458252,1.791744205716795e-05
1.4152996063232421,3.483488411438031e-05
1.3777987813949586,5.175232617154826e-05
1.3421425943374634,6.866976822871621e-05
1.2536260823249818,8.558721028592857e-05
1.2701812537384036,0.00010250465234309653
1.318364536911011,0.00011942209440026447
1.3200303841827397,0.00013633953645743243
1.271396893596497,0.00015325697851464477
1.2791534807966922,0.00017017442057181274
1.282391464446924,0.00018709186262898069
1.325275068072432,0.00020400930468619306
1.3255293167336415,0.000220926746743361
1.2508814173303948,0.00023784418880052894
1.2910301317662323,0.0002547616308577413
1.2809889022422096,0.0002716790729149093
1.2611416819820613,0.00028859651497207726
1.2958296253784347,0.00030551395702928957
1.2447445880972425,0.00032243139908645754
1.2714746627492173,0.0003393488411436255
1.2448110368476284,0.00035626628320079343
1.272020871371108,0.0003731837252580058
1.213245650076928,0.00039010116731517377
1.229864160175373,0.0004070186093723417
1.2823860724411407,0.00042393605142955406
1.3739593807571728,0.00044085349348672203
1.3219816115469616,0.00045777093554388995
1.2471992156482443,0.0004746883776011023
1.2397628610592448,0.0004916058196582703
1.1819291381248922,0.0005085232617154383
1.1489536260135247,0.0005254407037726062
1.1889765814596234,0.0005423581458298185
1.2105821574253892,0.0005592755878869865
1.086497525733555,0.0005761930299441545
1.1271807514523227,0.0005931104720013668
1.1460979909018485,0.0006100279140585348
1.1197165751708198,0.0006269453561157027
1.0237544579706708,0.0006438627981729151
1.0621945701759752,0.000660780240230083
1.1059883469519374,0.000677697682287251
1.0830462165019796,0.0006946151243444633
1.1305045038336028,0.0007115325664016313
1.2179525971312133,0.0007284500084587993
1.1483295106807396,0.0007453674505159672
1.1545345659191644,0.0007622848925731795
1.1812700649210006,0.0007792023346303475
1.1364312426335168,0.0007961197766875155
1.0965035761266195,0.0008130372187447278
1.073858551571309,0.0008299546608018958
1.0317997514323707,0.0008468721028590637
0.995600130487785,0.0008637895449162761
1.0071181268130185,0.000880706986973444
1.0526683497933105,0.000897624429030612
1.0252013698027576,0.0009145418710878243
0.9813304698313113,0.0009314593131449923
0.954168653952665,0.0009483767552021603
0.9355821064850385,0.0009652941972593281
0.9466818612210508,0.0009822116393165404
0.9386140617841527,0.0009991290813737084
0.9226362159342802,0.0010160465234308764
1.0021348754955322,0.0010329639654880886
0.9462341793690515,0.0010498814075452566
0.9302412969521199,0.0010667988496024245
0.9101198516409806,0.001083716291659637
0.9100472610887855,0.001100633733716805
0.9455841765162921,0.001117551175773973
0.8841567743108731,0.0011344686178311409
0.8287128534544359,0.001151386059888353
0.8710573694411,0.001168303501945521
0.9051615302803581,0.001185220944002689
0.9296571973993353,0.0012021383860599014
0.9430044463502544,0.0012190558281170694
0.8762272494019809,0.0012359732701742374
0.8785299934531644,0.0012528907122314496
0.9011494737931407,0.0012698081542886176
0.8536351738030368,0.0012867255963457855
0.8020104978604836,0.001303643038402998
0.7594825318752705,0.001320560480460166
0.7810328238248014,0.001337477922517334
0.7752834743689843,0.0013543953645745019
0.7900587587699373,0.001371312806631714
0.7799704884803358,0.001388230248688882
0.782662957137113,0.00140514769074605
0.8279123538536113,0.0014220651328032624
0.843455190166019,0.0014389825748604304
0.8299094158046902,0.0014559000169175984
0.8129361762709191,0.0014728174589748106
0.8283696209674495,0.0014897349010319786
0.8913731603054538,0.0015066523430891465
0.8272879265330899,0.001523569785146359
0.7619652384585277,0.001540487227203527
0.7410223789267649,0.001557404669260695
0.7302810913127986,0.0015743221113178629
0.8157883457980417,0.001591239553375075
0.8308273571842404,0.001608156995432243
0.7902249827475145,0.001625074437489411
0.7479817497325576,0.0016419918795466234
0.7659873189602404,0.0016589093216037914
0.7487498380402017,0.0016758267636609594
0.8611286527045003,0.0016927442057181716
0.8569421606165116,0.0017096616477753396
0.8584286321721034,0.0017265790898325075
0.841571275355145,0.0017434965318896755
0.7966072471632359,0.001760413973946888
0.7974834729587077,0.001777331416004056
0.7723709097985457,0.0017942488580612239
0.7808061879065857,0.001811166300118436
0.8423705133745851,0.001828083742175604
0.8109027411897805,0.001845001184232772
0.7602874252287409,0.0018619186262899844
0.7848143866131991,0.0018788360683471524
0.7634730569895339,0.0018957535104043204
0.6902217095991956,0.0019126709524615326
0.6865381579320421,0.0019295883945187006
0.7086300357755654,0.0019465058365758685
0.7548615777156061,0.001963423278633037
0.8128999824254757,0.001980340720690249
0.8227173133634762,0.001997258162747417
0.8020555411929478,0.002014175604804585
0.8145487813277713,0.0020310930468617973
0.8318999336658852,0.0020480104889189655
0.7803372563122859,0.0020649279309761332
0.7591867185591976,0.0020818453730333457
0.746338430004066,0.0020987628150905134
0.7286384367599056,0.0021156802571476816
0.7229725451194419,0.002132597699204894
0.7354973579186737,0.002149515141262062
0.721318938314004,0.00216643258331923
0.7469708982937202,0.0021833500253763977
0.7326161673730743,0.00220026746743361
0.6711214809470283,0.002217184909490778
0.7077689312976922,0.002234102351547946
0.7551914686427376,0.0022510197936051585
0.7269072122944086,0.0022679372356623263
0.6987154275236678,0.0022848546777194945
0.7155872297333202,0.0023017721197767065
0.677981329921605,0.0023186895618338746
0.6855583889990822,0.0023356070038910424
0.6578711234497846,0.0023525244459482106
0.6390144437923289,0.002369441888005423
0.6460148501693611,0.0023863593300625908
0.6077989783524995,0.002403276772119759
0.6060369012069324,0.002420194214176971
0.6417936680564579,0.002437111656234139
0.6433656452377078,0.002454029098291307
0.6783603499952504,0.0024709465403485193
0.6588533457615813,0.0024878639824056875
0.6058209011156432,0.0025047814244628553
0.603920369879331,0.0025216988665200677
0.5927726980335918,0.0025386163085772354
0.6432468101411983,0.0025555337506344036
0.6078549528145731,0.0025724511926915714
0.6216305418033553,0.002589368634748784
0.5967803953662836,0.002606286076805952
0.6155646847546358,0.0026232035188631197
0.5764437700796333,0.002640120960920332
0.5851136394729779,0.0026570384029775
0.6012343365661753,0.002673955845034668
0.585373310145732,0.0026908732870918805
0.6924587709879846,0.0027077907291490483
0.7020718990306831,0.0027247081712062165
0.7082174848350506,0.0027416256132634285
0.6455486878421006,0.0027585430553205966
0.6029919218751667,0.0027754604973777644
0.5705597326543235,0.0027923779394349326
0.6602029025861663,0.002809295381492145
0.6401417827851806,0.0028262128235493128
0.6298976998525647,0.0028431302656064805
0.6499897011914085,0.002860047707663693
0.6402228052455767,0.002876965149720861
0.6651020665994155,0.002893882591778029
0.6627179638569249,0.0029108000338352413
0.6719994033197318,0.0029277174758924095
0.7008518286402825,0.0029446349179495773
0.704624403147364,0.002961552360006745
0.6831213860737995,0.0029784698020639574
0.6984461211385501,0.0029953872441211256
0.6542144626952944,0.0030123046861782934
0.6346920896035622,0.003029222128235506
0.623619832075611,0.003046139570292674
0.5891823172386291,0.0030630570123498417
0.5758752584311011,0.003079974454407054
0.6042147445561602,0.003096891896464222
0.6134080781842959,0.00311380933852139
0.6369976317330752,0.0031307267805786025
0.6285639814889077,0.0031476442226357703
0.6217533558492377,0.003164561664692938
0.647703950395943,0.0031814791067501062
0.6229414977953921,0.0031983965488073187
0.6125467330873879,0.0032153139908644864
0.6367932725477912,0.0032322314329216546
0.6421049609604437,0.003249148874978867
0.6307594835617509,0.0032660663170360348
0.5949866461641286,0.0032829837590932025
0.5946366300492838,0.003299901201150415
0.5629504529880965,0.003316818643207583
0.5947918580569812,0.003333736085264751
0.6417699803191812,0.0033506535273219633
0.6339400569024397,0.0033675709693791315
0.6456376440860998,0.0033844884114362993
0.6454600673944293,0.003401405853493467
0.6212159023309182,0.0034183232955506794
0.6221023858089789,0.0034352407376078476
0.6161850738922393,0.0034521581796650154
0.6101504364331274,0.003469075621722228
0.5711596746221947,0.003485993063779396
0.586752127724947,0.0035029105058365637
0.5597335903788102,0.003519827947893776
0.5214646207447444,0.003536745389950944
0.5306708730980234,0.003553662832008112
0.5258771115719856,0.0035705802740653245
0.5125790782117511,0.0035874977161224923
0.5076843160266611,0.00360441515817966
0.5528305258651521,0.0036213326002368282
0.6032518336216567,0.0036382500422940407
0.617612114671068,0.0036551674843512084
0.6273589063669814,0.0036720849264083766
0.603099376279956,0.003689002368465589
0.5893588426262903,0.0037059198105227568
0.5693975021482125,0.0037228372525799245
0.6433950726223481,0.003739754694637137
0.670246486984292,0.003756672136694305
0.6678712527931527,0.003773589578751473
0.6416276821280159,0.003790507020808641
0.6280246360130817,0.0038074244628658535
0.6129493223053384,0.0038243419049230213
0.6298801029858723,0.003841259346980189
0.6162234564731706,0.0038581767890374014
0.5746269420870295,0.0038750942310945696
0.6265609301001351,0.0038920116731517374
0.626516523907226,0.00390892911520895
0.6117229365902279,0.003925846557266118
0.641699914423397,0.003942763999323286
0.6242669497233795,0.003959681441380498
0.6153661230645313,0.003976598883437666
0.6332820589893448,0.003993516325494834
0.6385420748037806,0.004010433767552002
0.6776886970553962,0.004027351209609214
0.6824875069263909,0.0040442686516663825
0.6597115073683528,0.00406118609372355
0.6534606316950058,0.004078103535780762
0.6186812837335376,0.004095020977837931
0.631311120145552,0.004111938419895099
0.6198632848684253,0.004128855861952311
0.594952778611522,0.004145773304009478
0.602728141620907,0.004162690746066647
0.5388390348554872,0.004179608188123859
0.537091642713644,0.004196525630181027
0.5693994880486313,0.004213443072238195
0.5295901811733869,0.004230360514295363
0.58265879683614,0.004247277956352575
0.5833667749795931,0.004264195398409743
0.6171997256782547,0.0042811128404669115
0.6362104231283581,0.0042980302825241234
0.6262688012254649,0.004314947724581291
0.5990726269350382,0.00433186516663846
0.6346416407478597,0.004348782608695672
0.596732104512274,0.00436570005075284
0.605465372158861,0.004382617492810007
0.616486541234474,0.004399534934867176
0.6454211169902648,0.004416452376924388
0.5925788100102874,0.004433369818981556
0.6068313571245935,0.004450287261038724
0.6020668866182539,0.004467204703095936
0.5955814935322741,0.004484122145153104
0.6701055580422195,0.004501039587210272
0.6131918759381702,0.004517957029267485
0.5918493057279531,0.004534874471324652
0.5819288559745744,0.00455179191338182
0.6267544323596156,0.004568709355439033
0.5954462523772556,0.004585626797496201
0.6199061700116982,0.0046025442395533685
0.5840230984220021,0.004619461681610536
0.5714518747909159,0.004636379123667749
0.5959428685651851,0.004653296565724917
0.631290029505621,0.004670214007782085
0.6643010584670151,0.0046871314498392975
0.6352907346215125,0.004704048891896465
0.6196065129062555,0.004720966333953633
0.6343973303811568,0.004737883776010846
0.6413475414098754,0.004754801218068014
0.6753401271487438,0.004771718660125181
0.6319747298546763,0.004788636102182393
0.6031621360451485,0.004805553544239562
0.6144517869687482,0.00482247098629673
0.6174985218792284,0.0048393884283538975
0.6155801215767165,0.00485630587041111
0.577205731391851,0.004873223312468278
0.5593556812762769,0.004890140754525446
0.5581948440360667,0.004907058196582658
0.552013574527712,0.0049239756386398265
0.5507113087074053,0.004940893080696994
0.5722245850480471,0.004957810522754206
0.5990871650629738,0.004974727964811375
0.5873162160439094,0.004991645406868543
0.5893452533183734,0.00500856284892571
0.5671233290909323,0.005025480290982922
0.5230627580069378,0.005042397733040091
0.5274180709189474,0.005059315175097259
0.5230600427680254,0.005076232617154471
0.48885606257860187,0.005093150059211639
0.4943864347834931,0.005110067501268807
0.5495095493236817,0.005126984943326019
0.548753459599784,0.005143902385383187
0.553675714609759,0.0051608198274403555
0.5695041088086263,0.0051777372694975675
0.5484215472397722,0.005194654711554735
0.593910038809579,0.005211572153611904
0.5290792467916818,0.005228489595669072
0.5339553859015157,0.005245407037726284
0.5055969163719695,0.005262324479783451
0.48799466132671687,0.00527924192184062
0.5790760440790738,0.005296159363897832
0.5657429634065696,0.005313076805955
0.5560126255775506,0.005329994248012168
0.5666373452206465,0.00534691169006938
0.5563160245148351,0.005363829132126548
0.5630770019315092,0.005380746574183716
0.5582146161097216,0.005397664016240929
0.5833272308745326,0.005414581458298096
0.5821265078098251,0.005431498900355264
0.5961983519006311,0.005448416342412433
0.6068722977009249,0.005465333784469645
0.598652762076603,0.0054822512265268126
0.585285649221219,0.00549916866858398
0.5842485789625464,0.005516086110641193
0.6414657405351495,0.005533003552698361
0.6331812160281257,0.005549920994755529
0.6238219870780243,0.0055668384368127415
0.6396644579294788,0.005583755878869909
0.5967154575922861,0.005600673320927077
0.5908820210726082,0.00561759076298429
0.5873274349237299,0.005634508205041458
0.5907262796612434,0.005651425647098625
0.6124933905960601,0.005668343089155793
0.5648013848115191,0.005685260531213006
0.5661676564255702,0.005702177973270174
0.6074367434532919,0.0057190954153273415
0.5851956523061974,0.005736012857384554
0.604971342611407,0.005752930299441722
0.5868520326042929,0.00576984774149889
0.5718367486496574,0.005786765183556102
0.5492796968857294,0.0058036826256132705
0.5344416794331746,0.005820600067670438
0.5500176069857181,0.005837517509727606
0.5436050389386416,0.005854434951784819
0.5363676622849466,0.005871352393841987
0.5577795326981355,0.005888269835899154
0.5527204489925233,0.005905187277956366
0.5781196766073488,0.005922104720013535
0.589168652929861,0.005939022162070703
0.5598809838596969,0.005955939604127915
0.5542414522412609,0.005972857046185083
0.5152273683741244,0.005989774488242251
0.564168338695729,0.006006691930299463
0.5674347915010168,0.006023609372356631
0.5389706462825549,0.0060405268144137995
0.5411924576922427,0.006057444256470967
0.554979742063218,0.006074361698528179
0.5956905488118598,0.006091279140585348
0.5699077788150366,0.006108196582642516
0.6024190261488006,0.006125114024699728
0.5591805040458716,0.006142031466756895
0.5523388671572906,0.006158948908814064
0.5368400683161341,0.006175866350871276
0.537645520381667,0.006192783792928444
0.5886692298353019,0.006209701234985612
0.5793791924238445,0.00622661867704278
0.5230662516212655,0.006243536119099992
0.49967802695085156,0.00626045356115716
0.520616266184247,0.0062773710032143284
0.5726002598231605,0.0062942884452715404
0.5694137688021319,0.006311205887328708
0.5427110275062289,0.006328123329385876
0.5692923490550015,0.006345040771443089
0.5593902805921152,0.0063619582135002566
0.5901417525193464,0.006378875655557424
0.5742618633573351,0.006395793097614637
0.6301312957815407,0.006412710539671805
0.6870519927829168,0.006429627981728973
0.6706231802057951,0.0064465454237861404
0.7008773660144592,0.006463462865843353
0.7211973051612683,0.006480380307900521
0.6617108091024645,0.006497297749957689
0.6423930012629897,0.006514215192014902
0.6235123581446386,0.006531132634072069
0.6731786852484685,0.006548050076129237
0.6195951740269456,0.00656496751818645
0.6276652487377004,0.006581884960243618
0.5689542152293265,0.0065988024023007855
0.5956638223177386,0.006615719844357998
0.6254516535000955,0.006632637286415166
0.6180989379085664,0.006649554728472334
0.6213694520312598,0.006666472170529502
0.5963791495575945,0.0066833896125867145
0.6362323670398745,0.006700307054643882
0.667353956604922,0.00671722449670105
0.6202110280235007,0.006734141938758263
0.585675424706093,0.006751059380815431
0.6061283400624208,0.006767976822872598
0.5877854745363563,0.00678489426492981
0.6097523268680072,0.006801811706986979
0.5470128533538418,0.006818729149044147
0.5652442238566269,0.006835646591101359
0.5390425294110767,0.006852564033158527
0.5729088997419352,0.006869481475215695
0.5881137303968806,0.006886398917272863
0.5848945063321225,0.006903316359330075
0.5928889975522703,0.0069202338013872435
0.5753562343577342,0.006937151243444411
0.5889468465216794,0.006954068685501623
0.57956508191171,0.006970986127558792
0.6007751972813822,0.00698790356961596
0.5936765552631551,0.007004821011673172
0.639007988061232,0.007021738453730339
0.578323998042522,0.007038655895787508
0.6038034025737271,0.007055573337844676
0.5924565366036594,0.007072490779901888
0.653382183800292,0.0070894082219590555
0.6385794653019524,0.007106325664016224
0.62811315643956,0.007123243106073436
0.6214077638639588,0.007140160548130604
0.6065653695308033,0.0071570779901877725
0.6082930313462308,0.0071739954322449844
0.5887641705603831,0.007190912874302152
0.5758821326519198,0.00720783031635932
0.5681776728650051,0.007224747758416533
0.5400908193127407,0.007241665200473701
0.4762200068343555,0.007258582642530868
0.5383309086886148,0.007275500084588037
0.5266271381161293,0.007292417526645249
0.5358704446619098,0.007309334968702417
0.4811396335653738,0.0073262524107595844
0.48285318295894275,0.007343169852816797
0.4317207257408954,0.007360087294873965
0.4349888619151956,0.007377004736931133
0.502942757317801,0.007393922178988346
0.4958969724252858,0.007410839621045513
0.5225628194868596,0.007427757063102681
0.534410776906016,0.007444674505159849
0.5305131691398641,0.007461591947217062
0.5937109246017473,0.0074785093892742295
0.6185463034440627,0.007495426831331397
0.5718917459908764,0.00751234427338861
0.5431254315903696,0.007529261715445778
0.5005730119173458,0.007546179157502946
0.5507933399537985,0.0075630965995601585
0.5824159901507525,0.007580014041617326
0.5477518913084529,0.007596931483674494
0.5741610310025425,0.007613848925731707
0.5589893167453933,0.007630766367788875
0.5929785494198743,0.007647683809846042
0.5865737894527391,0.00766460125190321
0.5800341446679652,0.007681518693960423
0.5720068994746066,0.007698436136017591
0.6197976377475625,0.0077153535780747585
0.5774271294966035,0.0077322710201319705
0.5519930804168934,0.007749188462189139
0.5688842840509221,0.007766105904246307
0.5962786203636015,0.007783023346303519
0.6123849372874327,0.0077999407883606875
0.5658807095536095,0.007816858230417854
0.5443075368125043,0.007833775672475066
0.5482817466512364,0.007850693114532235
0.5221492549145256,0.007867610556589402
0.5483561078996686,0.00788452799864657
0.5359882768226646,0.007901445440703782
0.5537904664860552,0.007918362882760951
0.5322249960888533,0.007935280324818118
0.5393081412306713,0.007952197766875332
0.531401565121912,0.007969115208932499
0.5191644473451797,0.007986032650989667
0.6016408478083948,0.00800295009304688
0.5778805831959041,0.008019867535104048
0.6154739077798679,0.008036784977161215
0.6470719668000662,0.008053702419218427
0.6314993216776628,0.008070619861275595
0.6099188339061561,0.008087537303332764
0.6054260978179791,0.00810445474538993
0.564306690222233,0.008121372187447145
0.5476615301181551,0.008138289629504311
0.5040010767308614,0.00815520707156148
0.5433477844498746,0.008172124513618692
0.589308066026544,0.00818904195567586
0.5945354444632335,0.008205959397733028
0.5962888036449276,0.00822287683979024
0.6386889961782712,0.008239794281847408
0.5756983993390099,0.008256711723904577
0.5862508962900557,0.008273629165961744
0.568328662741273,0.008290546608018956
0.600834035101008,0.008307464050076124
0.5809360688706013,0.008324381492133293
0.6003117518249967,0.008341298934190505
0.6328992093899901,0.008358216376247674
0.6268872376520678,0.00837513381830484
0.5958394631734883,0.008392051260362052
0.5851771533482389,0.008408968702419221
0.5706629514688744,0.00842588614447639
0.5945956635470783,0.008442803586533602
0.5985937299724893,0.008459721028590769
0.5561548199173988,0.008476638470647937
0.5101296207044268,0.008493555912705106
0.4919335226801034,0.008510473354762318
0.48408949220871894,0.008527390796819485
0.4859799074705122,0.008544308238876653
0.47677223106826766,0.008561225680933865
0.45891066567584216,0.008578143122991034
0.5329277211545653,0.008595060565048203
0.5027937765215832,0.008611978007105415
0.5227771183089414,0.008628895449162581
0.5037716571677524,0.00864581289121975
0.5506862715235391,0.008662730333276962
0.5166487467567952,0.00867964777533413
0.4894539652093912,0.008696565217391298
0.46074730855819906,0.008713482659448466
0.5426257666158464,0.008730400101505678
0.5503197047080824,0.008747317543562847
0.5388710286590441,0.008764234985620014
0.5929892608621108,0.008781152427677227
0.5771311957914342,0.008798069869734394
0.58876460705429,0.008814987311791563
0.6136738770344232,0.008831904753848775
0.5735432893545132,0.008848822195905943
0.5697662902284225,0.00886573963796311
0.5449319956627338,0.008882657080020324
0.5410947821876883,0.008899574522077491
0.49692401467494,0.00891649196413466
0.4830561771292038,0.008933409406191826
0.44380913728861393,0.00895032684824904
0.4446188811809888,0.008967244290306207
0.5652299646020786,0.008984161732363376
0.6126402953053202,0.009001079174420588
0.5908408195801327,0.009017996616477756
0.5966705942970713,0.009034914058534923
0.5929390402493635,0.009051831500592135
0.6220685292766698,0.009068748942649304
0.6514533082235819,0.009085666384706472
0.6333693678847128,0.00910258382676364
0.622990104808106,0.009119501268820853
0.6261196996797673,0.00913641871087802
0.6351381274882597,0.009153336152935189
0.6662653233864818,0.0091702535949924
0.620532947481387,0.00918717103704957
0.5982359788423484,0.009204088479106736
0.5575081758980517,0.009221005921163948
0.5865320724872403,0.009237923363221117
0.6041888366244358,0.009254840805278285
0.6472413953226505,0.009271758247335497
0.7156778904661892,0.009288675689392664
0.6754585053813742,0.009305593131449833
0.6908025857839812,0.009322510573507001
0.6387590680149261,0.009339428015564213
0.6094383945963434,0.009356345457621382
0.5564331571977656,0.009373262899678549
0.5557484039244113,0.009390180341735761
0.48789562651133994,0.00940709778379293
0.576498427936367,0.009424015225850098
0.6377227854322844,0.00944093266790731
0.642001338926272,0.009457850109964477
0.661861187718166,0.009474767552021646
0.6509723476583587,0.009491684994078814
0.6479940026612939,0.009508602436136026
0.5849226760555793,0.009525519878193193
0.5834757365933649,0.009542437320250362
0.6136270148079866,0.009559354762307574
0.5670856223520656,0.009576272204364742
0.5463976550910489,0.009593189646421911
0.541423248355676,0.009610107088479123
0.5464665191214,0.00962702453053629
0.6364509023698739,0.009643941972593459
0.6029797559954779,0.00966085941465067
0.6031359724981036,0.009677776856707839
0.6057147497163173,0.009694694298765006
0.6197656603039071,0.009711611740822175
0.6775144268179548,0.009728529182879387
0.6440537753983031,0.009745446624936555
0.6206137087570581,0.009762364066993722
0.6578997013272407,0.009779281509050936
0.6569485614539434,0.009796198951108103
0.68421197731028,0.009813116393165271
0.6247139040528139,0.009830033835222483
0.6095180323837917,0.009846951277279652
0.58404236722936,0.009863868719336819
0.5530033146456859,0.009880786161394033
0.6197912124884908,0.0098977036034512
0.5779366575155882,0.009914621045508368
0.552951413987019,0.009931538487565535
0.6022822885496921,0.009948455929622749
0.5810247622953659,0.009965373371679916
0.5966645807446485,0.009982290813737084
0.5973902011252599,0.009999208255794296
0.5976366491585697,0.010016125697851465
0.6308599306320926,0.010033043139908632
0.5714729522208993,0.010049960581965844
0.5649988487991194,0.010066878024023012
0.5528511989619336,0.010083795466080181
0.5394714465543431,0.010100712908137393
0.6077702991807303,0.010117630350194562
0.589883462798106,0.010134547792251728
0.6281550417037863,0.010151465234308897
0.5990183206154552,0.010168382676366109
0.611039519449365,0.010185300118423278
0.5922694684189891,0.010202217560480445
0.5939713502822189,0.010219135002537657
0.5492126889942383,0.010236052444594825
0.5830670076941089,0.010252969886651994
0.5593917551306594,0.010269887328709206
0.5702052499983874,0.010286804770766373
0.5596850225237344,0.010303722212823541
0.6138644463942318,0.01032063965488071
0.5877837496698594,0.010337557096937922
0.6287290062666493,0.010354474538995089
0.6086273714828935,0.010371391981052257
0.6366346418800709,0.01038830942310947
0.6694697332336711,0.010405226865166638
0.6617861661874619,0.010422144307223807
0.6784165361375305,0.010439061749281019
0.669571841466482,0.010455979191338186
0.7335894065762008,0.010472896633395354
0.7028323497505542,0.010489814075452566
0.7121684977318093,0.010506731517509735
0.691905294172386,0.010523648959566902
0.6773113404213744,0.01054056640162407
0.6517268613576379,0.010557483843681282
0.6402591503142903,0.010574401285738451
0.6343575387382181,0.010591318727795618
0.611818358833287,0.010608236169852832
0.6451182369666846,0.010625153611909998
0.6202999952854753,0.010642071053967167
0.67329853800313,0.010658988496024379
0.6639946224480973,0.010675905938081548
0.6247219898057069,0.010692823380138715
0.6629532700977394,0.010709740822195883
0.6830694298904474,0.010726658264253095
0.7198487457403608,0.010743575706310264
0.7354211518580969,0.01076049314836743
0.7970346935125395,0.010777410590424644
0.7197894316937292,0.010794328032481811
0.6725861618539305,0.01081124547453898
0.6719511540429284,0.010828162916596192
0.6841338707364789,0.01084508035865336
0.730464373696422,0.010861997800710527
0.6834378339199826,0.010878915242767741
0.7370530325054013,0.010895832684824908
0.704526814451129,0.010912750126882077
0.7228074929160362,0.010929667568939243
0.6993600456748394,0.010946585010996457
0.7090090416935275,0.010963502453053624
0.6970983547423037,0.010980419895110793
0.6396532438161971,0.010997337337168005
0.6701048558523657,0.011014254779225173
0.6080935256139758,0.01103117222128234
0.7305573190415957,0.011048089663339552
0.7220340105028995,0.01106500710539672
0.6538010265137393,0.01108192454745389
0.7294619819089285,0.011098841989511101
0.676881980146131,0.011115759431568268
0.6371724218091657,0.011132676873625437
0.67613931178739,0.011149594315682606
0.6519108548139757,0.011166511757739818
0.6382667290667873,0.011183429199796986
0.6001952542861447,0.011200346641854153
0.5677395188013828,0.011217264083911365
0.6472719926198416,0.011234181525968534
0.6257691040484185,0.011251098968025702
0.5755542659638783,0.011268016410082914
0.6191678519152372,0.011284933852140081
0.5773897250575041,0.01130185129419725
0.569904834435957,0.011318768736254462
0.5507189515483993,0.01133568617831163
0.5902807619772449,0.011352603620368797
0.550359807936517,0.011369521062425966
0.5253696620688181,0.011386438504483178
0.5962235474765571,0.011403355946540347
0.6097673173094013,0.011420273388597515
0.6130080100174123,0.011437190830654727
0.6010783335586687,0.011454108272711894
0.6006100790516774,0.011471025714769063
0.5738289309991392,0.011487943156826275
0.6224171839915111,0.011504860598883443
0.5970727879017508,0.01152177804094061
0.6403928580450945,0.011538695482997779
0.6480474855556435,0.01155561292505499
0.5892413207733113,0.01157253036711216
0.5936581332559171,0.011589447809169326
0.5776098957915928,0.01160636525122654
0.5820340864864848,0.011623282693283707
0.622275797765085,0.011640200135340876
0.6641326175058913,0.011657117577398088
0.629461121632658,0.011674035019455256
0.5994710541359605,0.011690952461512423
0.5306429975503303,0.011707869903569637
0.5232765347380335,0.011724787345626804
0.5143465257182833,0.011741704787683972
0.47180763534666037,0.011758622229741139
0.5934880070047454,0.011775539671798353
0.6081858628715575,0.01179245711385552
0.6104616207858324,0.011809374555912688
0.5962144480530739,0.0118262919979699
0.6095249212888336,0.011843209440027069
0.5896881347582703,0.011860126882084236
0.5871448378313355,0.011877044324141448
0.5690234431067127,0.011893961766198616
0.5992781741173282,0.011910879208255785
0.6002099214197171,0.011927796650312997
0.5625197289944468,0.011944714092370166
0.5721667050171517,0.011961631534427333
0.6043906759300727,0.011978548976484501
0.581372388289682,0.011995466418541713
0.5223282461057599,0.012012383860598882
0.5433748868855235,0.012029301302656049
0.5539185927512167,0.01204621874471326
0.5149021328450774,0.01206313618677043
0.5756913090516356,0.012080053628827598
0.5943376036301634,0.01209697107088481
0.5382488538277452,0.012113888512941977
0.5937466517648939,0.012130805954999145
0.5735135233848766,0.012147723397056357
0.6053231840490878,0.012164640839113526
0.5704554883765841,0.012181558281170695
0.5759729240836831,0.012198475723227862
0.584152539134195,0.012215393165285074
0.6021167552949354,0.012232310607342242
0.6111998253251207,0.01224922804939941
0.626991295272914,0.012266145491456623
0.6883291907746056,0.01228306293351379
0.6319450324883827,0.012299980375570958
0.6952459125606831,0.01231689781762817
0.6991915034364555,0.012333815259685339
0.6661773504504279,0.012350732701742506
0.6272020543963684,0.012367650143799674
0.6834811850667774,0.012384567585856886
0.6365163731003427,0.012401485027914055
0.6505877341766854,0.012418402469971224
0.6404923292747895,0.012435319912028436
0.6343046381276258,0.012452237354085603
0.6593047582468516,0.012469154796142771
0.6679536504237753,0.012486072238199983
0.6195222280572972,0.012502989680257152
0.6054932230433719,0.012519907122314319
0.6097916645781912,0.012536824564371532
0.6639106856168682,0.0125537420064287
0.6215040076876779,0.012570659448485868
0.6036301246567647,0.012587576890543035
0.5871365301834806,0.012604494332600248
0.5698332137288462,0.012621411774657415
0.6277043538428793,0.012638329216714584
0.6491104616433343,0.012655246658771796
0.6148593567776649,0.012672164100828965
0.6666382545604681,0.012689081542886132
0.6683258886634806,0.012705998984943345
0.6285079022645552,0.012722916427000512
0.6656196991920154,0.01273983386905768
0.6957547172164663,0.012756751311114848
0.6512358807925975,0.012773668753172061
0.6453225392822104,0.012790586195229228
0.6112960341551842,0.012807503637286397
0.6656903793795063,0.012824421079343609
0.6151487128244364,0.012841338521400777
0.5949061192120333,0.012858255963457944
0.6391194921370522,0.012875173405515156
0.6983199367234053,0.012892090847572325
0.6906695683247998,0.012909008289629494
0.7609805122571909,0.012925925731686706
0.7849040711369295,0.012942843173743874
0.7275545306560341,0.012959760615801041
0.6681566780850844,0.012976678057858253
0.7055517153776134,0.012993595499915422
0.662850828316724,0.01301051294197259
0.6257697175716684,0.013027430384029757
0.6310117229442062,0.01304434782608697
0.5967809545692017,0.013061265268144138
0.582986496901211,0.013078182710201306
0.631810611896274,0.013095100152258518
0.593326955169485,0.013112017594315685
0.6201832406759628,0.013128935036372854
0.6943553537559801,0.013145852478430023
0.6917917967186208,0.013162769920487235
0.7572273922241399,0.013179687362544403
0.7301146517019805,0.01319660480460157
0.7550194128212403,0.013213522246658782
0.7370925914332923,0.01323043968871595
0.7099001583326385,0.01324735713077312
0.6882630369558752,0.013264274572830331
0.6471318667328215,0.013281192014887498
0.6267149142579919,0.013298109456944667
0.602447854849234,0.013315026899001879
0.615107323624718,0.013331944341059047
0.5685355213467501,0.013348861783116214
0.5927190420774001,0.013365779225173428
0.5839461515543761,0.013382696667230595
0.5692493184564831,0.013399614109287764
0.6252313386725046,0.01341653155134493
0.6315837010802157,0.013433448993402144
0.5833452904273134,0.013450366435459311
0.5812760205307851,0.01346728387751648
0.5621221114189824,0.013484201319573692
0.5409728506399314,0.01350111876163086
0.5183757002507147,0.013518036203688027
0.5003092809799907,0.013534953645745241
0.5070324122336386,0.013551871087802408
0.4767510318300628,0.013568788529859576
0.5878062028520508,0.013585705971916743
0.5636682930654846,0.013602623413973957
0.6360333182864636,0.013619540856031124
0.6185974771541953,0.013636458298088293
0.6257373924861431,0.013653375740145504
0.6626629897602463,0.013670293182202673
0.7027146513182374,0.01368721062425984
0.7383692379727723,0.013704128066317054
0.7201167914020826,0.01372104550837422
0.6992176987924426,0.01373796295043139
0.7293165737945436,0.013754880392488601
0.7457680674043178,0.01377179783454577
0.7184440828678512,0.013788715276602937
0.7133475571725769,0.013805632718660105
0.7485860967520082,0.013822550160717317
0.7192782468702955,0.013839467602774486
0.6517661398336541,0.013856385044831653
0.6606937198388776,0.013873302486888865
0.6156404613294761,0.013890219928946033
0.6023613690406927,0.013907137371003202
0.5722116493440349,0.013924054813060414
0.6117068142300192,0.013940972255117583
0.5810758102421238,0.01395788969717475
0.6992332163241923,0.013974807139231918
0.7015902020762301,0.01399172458128913
0.7573671752794534,0.014008642023346299
0.7322435827719331,0.014025559465403466
0.69616646779912,0.014042476907460678
0.6718026257621231,0.014059394349517846
0.6887451058282044,0.014076311791575015
0.7101392345153162,0.014093229233632227
0.6861367381829317,0.014110146675689394
0.6225381380095718,0.014127064117746562
0.6122399358570287,0.014143981559803774
0.7264532874917754,0.014160899001860943
0.7135600551681336,0.01417781644391811
0.7997436845077368,0.014194733885975324
0.8157784361659124,0.01421165132803249
0.7631765738343108,0.01422856877008966
0.7400934207610217,0.014245486212146828
0.6568156268733285,0.01426240365420404
0.6219266960253352,0.014279321096261207
0.7120613105479904,0.014296238538318375
0.6765587049630506,0.014313155980375587
0.6715173139498412,0.014330073422432756
0.6582549941003942,0.014346990864489923
0.6581677660513421,0.014363908306547137
0.7187991988792817,0.014380825748604303
0.6813865385162672,0.014397743190661472
0.6459184473123424,0.014414660632718639
0.63970489783019,0.014431578074775853
0.709266257150413,0.01444849551683302
0.6814504717695249,0.014465412958890188
0.7152834776963817,0.0144823304009474
0.7158963278075875,0.014499247843004569
0.7110706961266853,0.014516165285061736
0.7345546679586298,0.01453308272711895
0.800709477813254,0.014550000169176116
0.7328973406562886,0.014566917611233285
0.7403869504936285,0.014583835053290497
0.7673208018309075,0.014600752495347665
0.7198241154484906,0.014617669937404832
0.70609225830499,0.014634587379462001
0.7783838907962137,0.014651504821519213
0.7153322358993763,0.014668422263576382
0.6628503529284855,0.014685339705633548
0.6443366192225187,0.01470225714769076
0.5812135463908171,0.014719174589747929
0.5990603785478954,0.014736092031805098
0.5915757712335494,0.01475300947386231
0.583063816754906,0.014769926915919478
0.6358499691715945,0.014786844357976645
0.6307288540070144,0.014803761800033814
0.6218985424570154,0.014820679242091026
0.6268970693057307,0.014837596684148194
0.6503460188631637,0.014854514126205361
0.6262654368022619,0.014871431568262573
0.6380549076350163,0.014888349010319742
0.6413242461801871,0.01490526645237691
0.6715959741688812,0.014922183894434123
0.6221205281430121,0.01493910133649129
0.6798199047417351,0.014956018778548458
0.682571083686424,0.01497293622060567
0.6739788416081053,0.014989853662662839
0.6659273555321203,0.015006771104720007
0.7107729475055302,0.015023688546777174
0.6725683578136893,0.015040605988834386
0.7450612599280144,0.015057523430891555
0.6905462415716382,0.015074440872948723
0.6618484355371264,0.015091358315005935
0.7075159984716628,0.015108275757063102
0.6610285093696001,0.015125193199120271
0.6226009289670852,0.015142110641177483
0.6414246805706714,0.015159028083234652
0.6710015374977664,0.015175945525291818
0.6841238608804763,0.015192862967348987
0.6770823376057482,0.015209780409406199
0.6487850726984291,0.015226697851463368
0.6327255631559967,0.015243615293520536
0.6216857882399464,0.015260532735577748
0.5800652982440873,0.015277450177634915
0.5989231969235169,0.015294367619692084
0.6955725117777052,0.015311285061749296
0.725815488040786,0.015328202503806464
0.6925618633749812,0.015345119945863631
0.796312640915134,0.015362037387920845
0.713629510648901,0.015378954829978012
0.6636299583497483,0.01539587227203518
0.651551563992726,0.015412789714092393
0.6815624510881322,0.015429707156149561
0.685700045079948,0.015446624598206728
0.6704558738477719,0.015463542040263897
0.7422895915037547,0.015480459482321109
0.6984212546925668,0.015497376924378277
0.6341393172248939,0.015514294366435444
0.6305320763194354,0.015531211808492658
0.6553764505071474,0.015548129250549825
0.6299147496925221,0.015565046692606993
0.5928602369869889,0.015581964134664205
0.5738119186755134,0.015598881576721374
0.6173478962418328,0.015615799018778541
0.5968548775861177,0.01563271646083571
0.5965613223035743,0.015649633902892923
0.5460129099623052,0.01566655134495009
0.5445327891934465,0.01568346878700726
0.6064545857134302,0.015700386229064472
0.5671414412834518,0.01571730367112164
0.6270587784273047,0.015734221113178806
0.6014950785813824,0.015751138555236018
0.7599609068058408,0.01576805599729319
0.7803014771956188,0.015784973439350355
0.8322697843565928,0.015801890881407567
0.8206102343761434,0.015818808323464734
0.7881205512971489,0.015835725765521905
0.7606889235091853,0.01585264320757907
0.7284032644520321,0.015869560649636284
0.67984894646725,0.015886478091693454
0.6667944966437098,0.01590339553375062
0.6895532273198508,0.015920312975807833
0.687266847526657,0.015937230417865
0.6515679049775024,0.01595414785992217
0.6330465903508679,0.015971065301979382
0.6752253000440611,0.01598798274403655
0.6400833169223796,0.016004900186093716
0.5857949645997629,0.016021817628150886
0.5636860920335091,0.016038735070208098
0.6924179946061163,0.016055652512265265
0.7349299911400629,0.016072569954322432
0.7273617246739827,0.016089487396379644
0.6916030056470841,0.016106404838436814
0.7208937173838783,0.01612332228049398
0.6783624820514813,0.016140239722551193
0.7050343102299608,0.01615715716460836
0.7017460541791469,0.01617407460666553
0.7343821825080514,0.016190992048722742
0.7206162453884601,0.01620790949077991
0.6398522807117081,0.016224826932837076
0.6321887574955445,0.01624174437489429
0.5974854451310334,0.01625866181695146
0.6048804459485768,0.016275579259008625
0.6265764663627433,0.016292496701065792
0.6445425971357575,0.016309414143123008
0.6271005212472718,0.016326331585180175
0.6504051756228479,0.01634324902723734
0.7069747266265132,0.016360166469294554
0.6881534431054098,0.016377083911351724
0.6896075227796159,0.01639400135340889
0.7415077264260549,0.016410918795466058
0.6766524156054893,0.01642783623752327
0.6390206627147228,0.01644475367958044
0.6427420109190012,0.016461671121637607
0.6204347038012715,0.01647858856369482
0.5805838961396196,0.016495506005751986
0.6033688512638075,0.016512423447809156
0.7010073444998155,0.016529340889866368
0.6334669476156147,0.016546258331923535
0.6907893924240043,0.016563175773980702
0.6940737293818608,0.016580093216037914
0.7415908397562517,0.016597010658095084
0.6878288425069821,0.01661392810015225
0.7476994067082224,0.016630845542209463
0.7701058840473032,0.016647762984266633
0.7098674182668954,0.0166646804263238
0.7731426004231476,0.016681597868380967
0.7389120533991261,0.01669851531043818
0.7575317203941666,0.01671543275249535
0.7268146896316786,0.016732350194552516
0.6973900814019982,0.01674926763660973
0.6812026158303695,0.016766185078666895
0.6577814066672864,0.016783102520724066
0.7155427928181126,0.016800019962781278
0.7107492920090067,0.016816937404838445
0.6969004580441561,0.01683385484689561
0.7502977855255959,0.016850772288952782
0.7783954745333003,0.016867689731009994
0.7986307506402817,0.01688460717306716
0.7490292600504944,0.016901524615124328
0.6875436633199365,0.01691844205718154
0.6241805934405257,0.01693535949923871
0.5869184500770512,0.016952276941295877
0.6252302938140825,0.01696919438335309
0.5937864036112941,0.016986111825410256
0.5473826408982211,0.017003029267467426
0.5564827466487832,0.017019946709524638
0.5306786115550952,0.017036864151581805
0.47905350650024076,0.017053781593638972
0.5657005025917026,0.017070699035696142
0.6271609555859353,0.017087616477753354
0.5662368628326246,0.01710453391981052
0.539979119534746,0.017121451361867688
0.5462887918436171,0.017138368803924903
0.5735430268830968,0.01715528624598207
0.5254225968032609,0.017172203688039237
0.5635432313847168,0.01718912113009645
0.6748899468555152,0.01720603857215362
0.6446733910857916,0.017222956014210786
0.6996051183556938,0.017239873456267953
0.6557349591426391,0.017256790898325165
0.6652144335883727,0.017273708340382336
0.6396756285967724,0.017290625782439503
0.6679057927562632,0.017307543224496715
0.6383076430665523,0.01732446066655388
0.6525828219498849,0.017341378108611052
0.5986329060431843,0.017358295550668264
0.5654755565831284,0.01737521299272543
0.6565324332959828,0.017392130434782598
0.7168238851743839,0.017409047876839813
0.6906033351674002,0.01742596531889698
0.6517578756534514,0.017442882760954147
0.6139661805409954,0.01745980020301136
0.6096190441909446,0.01747671764506853
0.5561349514534485,0.017493635087125696
0.523170260461999,0.017510552529182863
0.5814292533181771,0.017527469971240075
0.5228352509325873,0.017544387413297245
0.5247229903845891,0.017561304855354412
0.5741077756809319,0.017578222297411624
0.6172687249125739,0.01759513973946879
0.6228109468413751,0.01761205718152596
0.7986038581048139,0.017628974623583173
0.7413360202721507,0.01764589206564034
0.7880071420996786,0.017662809507697507
0.794969226481867,0.017679726949754677
0.7185816610354997,0.01769664439181189
0.6675553436675722,0.017713561833869056
0.6707667323429629,0.017730479275926223
0.6417694499078787,0.017747396717983435
0.6334209767964202,0.017764314160040606
0.621788098652102,0.017781231602097772
0.5729112261445821,0.017798149044154984
0.5620564408231974,0.01781506648621215
0.554952540964222,0.01783198392826932
0.5849001359703827,0.017848901370326534
0.6265673956682435,0.0178658188123837
0.6006154435006898,0.017882736254440867
0.5626997901700435,0.017899653696498038
0.5997586332720516,0.01791657113855525
0.6035443371901511,0.017933488580612417
0.5938161235149383,0.017950406022669587
0.5638091382261657,0.0179673234647268
0.5369091484448547,0.017984240906783966
0.6494349601667114,0.018001158348841133
0.5968335678419263,0.018018075790898345
0.705763038813336,0.018034993232955515
0.7035333488935339,0.018051910675012682
0.6995494464678851,0.01806882811706985
0.6176015337024758,0.01808574555912706
0.6436499754361018,0.01810266300118423
0.6667218645232283,0.018119580443241398
0.6389498821749182,0.01813649788529861
0.6073781579219415,0.018153415327355777
0.6787560247964155,0.018170332769412947
0.6760308355956468,0.01818725021147016
0.6156163800453498,0.018204167653527326
0.5888635626391852,0.018221085095584493
0.6099357693160601,0.01823800253764171
0.5886877368899208,0.018254919979698876
0.5303179654289899,0.018271837421756042
0.5161185886708592,0.01828875486381321
0.6525111457703666,0.018305672305870425
0.6070610790251221,0.01832258974792759
0.6846464084624073,0.01833950718998476
0.6599856461714761,0.01835642463204197
0.6253605064257827,0.01837334207409914
0.5564878127181407,0.018390259516156308
0.6096890323324106,0.01840717695821352
0.5832177144657057,0.018424094400270687
0.6432698760327087,0.018441011842327857
0.6433963015791881,0.018457929284385024
0.6988409030530539,0.018474846726442236
0.8415351286008903,0.018491764168499403
0.7891266405165156,0.018508681610556573
0.7666886019372909,0.018525599052613785
0.7665258779258703,0.018542516494670952
0.7262318360115032,0.01855943393672812
0.737218374197081,0.01857635137878533
0.6579003109013202,0.0185932688208425
0.5894620596150687,0.018610186262899668
0.5767524384482806,0.01862710370495688
0.5643418187319521,0.018644021147014047
0.5750110550259975,0.018660938589071217
0.518851652028992,0.01867785603112843
0.553136896517145,0.018694773473185596
0.589584359666719,0.018711690915242767
0.622009332292091,0.018728608357299933
0.5906898878517239,0.018745525799357145
0.5365432125331949,0.018762443241414312
0.6187517580987606,0.018779360683471483
0.5829316983701065,0.018796278125528695
0.6085071214104713,0.01881319556758586
0.6012745815964556,0.01883011300964303
0.6941867604614907,0.01884703045170024
0.8970892059613558,0.01886394789375741
0.8278003873673513,0.018880865335814578
0.9191462709305631,0.018897782777871745
0.8874622594354905,0.018914700219928957
0.8424337991903907,0.018931617661986127
0.9303992898329645,0.018948535104043294
0.875978009785378,0.018965452546100506
0.8784777894696905,0.018982369988157673
0.7841676116054307,0.018999287430214843
0.7188808453134736,0.019016204872272055
0.6350561842959754,0.019033122314329222
0.6795802963289923,0.01905003975638639
0.6161778471877819,0.019066957198443604
0.5740137558786588,0.01908387464050077
0.5551029214547886,0.019100792082557938
0.5767901356448184,0.019117709524615105
0.7254566284362038,0.01913462696667232
0.6863664652779549,0.019151544408729487
0.6464904281198859,0.019168461850786654
0.6510645177125836,0.019185379292843866
0.648580922775261,0.019202296734901037
0.7160113804283083,0.019219214176958203
0.7601348561241102,0.019236131619015415
0.7344047269975243,0.019253049061072582
0.7320876591805696,0.019269966503129753
0.7356290478232765,0.01928688394518692
0.718579563198349,0.01930380138724413
0.7041974327547242,0.0193207188293013
0.7142566650377028,0.01933763627135847
0.6864281820667835,0.01935455371341568
0.6624726118574978,0.019371471155472848
0.6371252109154417,0.019388388597530015
0.6685165182387316,0.019405306039587226
0.6138189924268312,0.019422223481644397
0.7572168503211647,0.019439140923701564
0.7615597680415083,0.019456058365758776
0.7407762634917394,0.019472975807815946
0.6599463465344346,0.019489893249873113
0.6313169791326075,0.019506810691930325
0.5916704153239847,0.019523728133987492
0.6098648719167805,0.019540645576044662
0.6127877801399308,0.01955756301810183
0.577497009018332,0.01957448046015904
0.5388646988703969,0.019591397902216208
0.5323499893056681,0.01960831534427338
0.606730771454758,0.01962523278633059
0.6392462113639407,0.019642150228387757
0.6494115002267116,0.019659067670444924
0.6288485056012911,0.019675985112502094
0.6762539367556606,0.019692902554559306
0.6754119690799741,0.019709819996616473
0.6556752321357749,0.01972673743867364
0.6605590937324541,0.019743654880730852
0.7376312301785293,0.019760572322788023
0.7636210430646374,0.01977748976484519
0.7398473349399912,0.0197944072069024
0.7602159164100925,0.01981132464895957
0.7895160859227212,0.01982824209101674
0.7473141269207026,0.01984515953307395
0.6934356344795248,0.019862076975131118
0.6421960674171465,0.019878994417188284
0.6852717345909134,0.0198959118592455
0.6127098755801405,0.019912829301302667
0.7075816358538218,0.019929746743359834
0.7089197608162362,0.019946664185417
0.6124434687558332,0.019963581627474216
0.6115709716370519,0.019980499069531383
0.6343346734278056,0.01999741651158855
0.6155787388032796,0.020014333953645762
0.6436404450373747,0.020031251395702932
0.7334960829128344,0.0200481688377601
0.7694840296832338,0.02006508627981731
0.6958215188763631,0.020082003721874478
0.7019512376612103,0.020098921163931648
0.6579287069182138,0.020115838605988815
0.7387814296993049,0.020132756048046027
0.7856967269351032,0.020149673490103194
0.7844103192464469,0.020166590932160364
0.7997068099320697,0.020183508374217576
0.7428024953318253,0.020200425816274743
0.7370693044434082,0.02021734325833191
0.7300160135086451,0.020234260700389126
0.7817302390143136,0.020251178142446292
0.943945769008387,0.02026809558450346
1.0357549933881671,0.02028501302656067
1.0254485605789114,0.02030193046861784
1.086102795492243,0.02031884791067501
1.008977684887752,0.020335765352732176
0.923119678904617,0.020352682794789387
0.9432614444176389,0.020369600236846558
0.9702889441235888,0.020386517678903725
0.9187004660593692,0.020403435120960937
0.8524181679906229,0.020420352563018104
0.816217528662823,0.020437270005075274
0.7827764287644565,0.020454187447132486
0.7574950325531913,0.020471104889189653
0.6915675714050257,0.02048802233124682
0.7192309033421297,0.02050493977330399
0.7149678692458168,0.020521857215361202
0.6812020003984846,0.02053877465741837
0.6168544340285045,0.020555692099475536
0.6379669704558358,0.020572609541532748
0.6027016837216939,0.020589526983589918
0.631276885574462,0.020606444425647085
0.6297122080369012,0.020623361867704297
0.6684506169353499,0.020640279309761464
0.6291485851124584,0.020657196751818634
0.6849964241278695,0.020674114193875846
0.6601222141657295,0.020691031635933013
0.628794811890445,0.02070794907799018
0.6290385784514124,0.020724866520047396
0.5902939487939973,0.020741783962104562
0.5737893143849293,0.02075870140416173
0.5358062751735624,0.0207756188462189
0.6326858574267528,0.02079253628827611
0.6169807214829367,0.02080945373033328
0.5775506714417968,0.020826371172390445
0.5885127122747449,0.020843288614447657
0.5909539052285789,0.020860206056504828
0.646672490313692,0.020877123498561995
0.6071796978116379,0.020894040940619207
0.6417889090061464,0.020910958382676374
0.5834348393821938,0.020927875824733544
0.5208149288768945,0.02094479326679071
0.5771161106964253,0.020961710708847923
0.5598828981511039,0.02097862815090509
0.5969978602880035,0.02099554559296226
0.5591000046057538,0.021012463035019472
0.5664219042240013,0.02102938047707664
0.6287221138142292,0.021046297919133806
0.6826195219725565,0.02106321536119102
0.6060075660205043,0.021080132803248188
0.600726298463834,0.021097050245305355
0.5877730663398844,0.021113967687362567
0.6515075894816671,0.021130885129419737
0.662325110644019,0.021147802571476904
0.6287435027837089,0.02116472001353407
0.6106820609473651,0.021181637455591283
0.609934751693683,0.021198554897648453
0.583073858026089,0.02121547233970562
0.5550609021214022,0.021232389781762832
0.6094266723654568,0.02124930722382
0.614643963262391,0.02126622466587717
0.5620846228479957,0.02128314210793438
0.6561771453761749,0.02130005954999155
0.635993037330603,0.021316976992048715
0.6649275809188647,0.021333894434105886
0.710760409804977,0.021350811876163098
0.6920194110654172,0.021367729318220265
0.7423123066729209,0.02138464676027743
0.8559293703322333,0.021401564202334643
0.8007990921405731,0.021418481644391814
0.7365845783446454,0.02143539908644898
0.7200542007998009,0.021452316528506193
0.7383879117262665,0.02146923397056336
0.7091088765535596,0.02148615141262053
0.7026923913696482,0.021503068854677742
0.6840433970243991,0.02151998629673491
0.62234171987782,0.02153690373879208
0.6072845916844216,0.021553821180849246
0.6078657993393586,0.021570738622906458
0.5843581230415857,0.021587656064963625
0.5736426091968184,0.021604573507020795
0.6096222620629601,0.021621490949078007
0.6911534485358661,0.021638408391135174
0.6725083325019412,0.02165532583319234
0.6596582916347927,0.021672243275249553
0.6851869771455723,0.021689160717306723
0.663564093873898,0.02170607815936389
0.7024808589347202,0.021722995601421057
0.7055515339953103,0.02173991304347827
0.744712352036031,0.02175683048553544
0.6480534488189951,0.021773747927592606
0.6331126303854573,0.02179066536964982
0.6108275462296,0.021807582811706985
0.5521767166540139,0.021824500253764156
0.5224676928746791,0.021841417695821368
0.5349853437604977,0.021858335137878535
0.6128808340599119,0.0218752525799357
0.5560977463857316,0.021892170021992917
0.5349348072160072,0.021909087464050084
0.5392509010592133,0.02192600490610725
0.6537504837639356,0.021942922348164463
0.6036414361578007,0.021959839790221633
0.6465255980953996,0.0219767572322788
0.6319038919818739,0.021993674674335967
0.6084448021421703,0.02201059211639318
0.6634912071045139,0.02202750955845035
0.6347442291113455,0.022044427000507516
0.711085559680678,0.022061344442564728
0.7942036881086171,0.022078261884621895
0.801554456872697,0.022095179326679065
0.6987922255380594,0.022112096768736277
0.7385139993177767,0.022129014210793444
0.7576897805012796,0.02214593165285061
0.7464569858771589,0.02216284909490778
0.7670019071946166,0.022179766536964993
0.8212234816272753,0.02219668397902216
0.7180032961622634,0.022213601421079327
0.6692946917260296,0.02223051886313654
0.6359156780596262,0.02224743630519371
0.6665932149216085,0.022264353747250876
0.6676263380467533,0.02228127118930809
0.6564354553556155,0.02229818863136526
0.5891702198772201,0.022315106073422426
0.5348213453124816,0.022332023515479638
0.5411451569422766,0.022348940957536804
0.63039863993523,0.022365858399593975
0.5697670232438841,0.02238277584165114
0.5902319630927879,0.022399693283708354
0.6115641300636163,0.02241661072576552
0.6256795052494709,0.02243352816782269
0.5905256846591715,0.022450445609879903
0.7693174107110409,0.02246736305193707
0.75259984121608,0.022484280493994237
0.6985280381511629,0.02250119793605145
0.6793953312930251,0.02251811537810862
0.6426280068156548,0.022535032820165786
0.6787151993749482,0.022551950262222953
0.6541444421957289,0.022568867704280165
0.6076270152052525,0.022585785146337335
0.6389518347517875,0.022602702588394502
0.5946191880811236,0.022619620030451714
0.6322946813669985,0.02263653747250888
0.6488069508049636,0.02265345491456605
0.6336580327013135,0.022670372356623263
0.6392593829519748,0.02268728979868043
0.6016904174238205,0.022704207240737597
0.6082529830097961,0.022721124682794813
0.5764110173511353,0.02273804212485198
0.5352528103771088,0.022754959566909146
0.5029459542896174,0.02277187700896636
0.5419709044190902,0.02278879445102353
0.5868845190598694,0.022805711893080696
0.5818284794484876,0.022822629335137862
0.5923785602883739,0.022839546777195074
0.5853832869399581,0.022856464219252245
0.5677556144133404,0.02287338166130941
0.5548376239884055,0.022890299103366624
0.6191044884958392,0.02290721654542379
0.6265187134773355,0.02292413398748096
0.6013900296235737,0.022941051429538128
0.5944611037846134,0.02295796887159534
0.5619719429871024,0.022974886313652507
0.6378399931637908,0.022991803755709677
0.5859686416982385,0.02300872119776689
0.5996407137392976,0.023025638639824056
0.5897737515830214,0.023042556081881223
0.5892705617637011,0.023059473523938438
0.6166631578040578,0.023076390965995605
0.6843701361523039,0.023093308408052772
0.7229448484504992,0.023110225850109984
0.659368997981133,0.023127143292167154
0.6619686294952886,0.02314406073422432
0.6194907692559446,0.023160978176281533
0.689522204199464,0.0231778956183387
0.6235219338727244,0.02319481306039587
0.6672741611156661,0.023211730502453037
0.6449812165382544,0.02322864794451025
0.6165653913404974,0.023245565386567416
0.6392719029733684,0.023262482828624587
0.5796628021676657,0.0232794002706818
0.6591998118940448,0.023296317712738965
0.6307613912251357,0.023313235154796132
0.6032634129545501,0.023330152596853344
0.672041336728844,0.023347070038910515
0.7943902572263979,0.02336398748096768
0.8183079091922206,0.02338090492302485
0.8273565910828721,0.02339782236508206
0.8348278635797988,0.02341473980713923
0.7461529142902765,0.023431657249196398
0.7261390620268563,0.02344857469125361
0.8833078093367561,0.023465492133310777
0.9195584970345295,0.023482409575367947
0.9328982486430961,0.02349932701742516
0.9243457876924005,0.023516244459482326
0.8265635818865559,0.023533161901539496
0.8370057225725382,0.023550079343596708
0.7799803996484542,0.023566996785653875
0.739059311898634,0.023583914227711042
0.6974934679286363,0.023600831669768212
0.6993063364042189,0.023617749111825424
0.7344875195513841,0.02363466655388259
0.7238329179200075,0.023651583995939758
0.6527616244246596,0.02366850143799697
0.7219631561986632,0.02368541888005414
0.6726981730740886,0.023702336322111307
0.6763428713068662,0.02371925376416852
0.6122026296603917,0.023736171206225686
0.7172591807165336,0.023753088648282857
0.6886005975181733,0.023770006090340023
0.7230455380578736,0.023786923532397235
0.8020834765354713,0.023803840974454402
0.7498332732136981,0.023820758416511573
0.6879906553598989,0.023837675858568785
0.7104270139195721,0.02385459330062595
0.6692879779226145,0.02387151074268312
0.5941099153428523,0.023888428184740334
0.659966749069631,0.0239053456267975
0.5895191348533153,0.023922263068854668
0.544919788196907,0.02393918051091188
0.5473745698572998,0.02395609795296905
0.6631249852849488,0.023973015395026217
0.6891252094804005,0.02398993283708343
0.6599113579033817,0.024006850279140596
0.6748677917670414,0.024023767721197766
0.6733839375457131,0.024040685163254933
0.6268325040881605,0.024057602605312145
0.6896288307622886,0.024074520047369312
0.6882756640208417,0.024091437489426482
0.7160755030069872,0.024108354931483694
0.6662378137710988,0.02412527237354086
0.6491069178107023,0.024142189815598028
0.5890959902860832,0.02415910725765524
0.6257181369668732,0.02417602469971241
0.5846998734002503,0.024192942141769577
0.6679188285450294,0.024209859583826744
0.7205737808688604,0.024226777025883956
0.754064796713521,0.024243694467941126
0.7017057405690591,0.024260611909998293
0.6248119367583784,0.024277529352055505
0.6546701465784862,0.024294446794112672
0.655423710722872,0.024311364236169843
0.6128922005328723,0.024328281678227055
0.5902086953189523,0.02434519912028422
0.5737725027296185,0.024362116562341392
0.5394003910138798,0.024379034004398604
0.558100014711586,0.02439595144645577
0.5511213300904969,0.024412868888512938
0.5404795931403907,0.024429786330570108
0.5450577796797016,0.02444670377262732
0.5224426735480673,0.024463621214684487
0.5557360092035967,0.024480538656741654
0.5585355432217947,0.024497456098798866
0.5645937896876042,0.024514373540856036
0.5414213758395915,0.024531290982913203
0.5445480165232662,0.024548208424970415
0.5663133833686069,0.024565125867027582
0.5433947900040592,0.024582043309084752
0.5470609076105472,0.02459896075114192
0.6484770542210672,0.02461587819319913
0.6347629003386762,0.024632795635256298
0.5910166520008299,0.02464971307731347
0.5480950548751238,0.02466663051937068
0.526815009077635,0.024683547961427847
0.5436927532833787,0.024700465403485014
0.5421079997763613,0.02471738284554223
0.5859730485713942,0.024734300287599396
0.5542418911962878,0.024751217729656563
0.5525731289314565,0.024768135171713775
0.5210741991939017,0.024785052613770946
0.5154066749526556,0.024801970055828113
0.5383049780617949,0.02481888749788528
0.568465597191715,0.02483580493994249
0.5299749308898161,0.024852722381999662
0.49112700296037276,0.02486963982405683
0.5813510209130676,0.02488655726611404
0.5749351334418799,0.024903474708171208
0.593828435885584,0.024920392150228378
0.6753248899361894,0.02493730959228559
0.6419248008077468,0.024954227034342757
0.6549062151388427,0.024971144476399924
0.6294644609034937,0.024988061918457094
0.6051408874941573,0.025004979360514306
0.6154657783470715,0.025021896802571473
0.6700752403229209,0.02503881424462864
0.6227125486445214,0.025055731686685852
0.5593836335906812,0.025072649128743022
0.5797116063888414,0.02508956657080019
0.5646886986776626,0.0251064840128574
0.5708522448765783,0.02512340145491457
0.507723667210543,0.025140318896971738
0.5328351322700213,0.02515723633902895
0.5370841434708938,0.025174153781086117
0.57615117717677,0.025191071223143287
0.6216549038004371,0.0252079886652005
0.6038480328807427,0.025224906107257666
0.5364045740993177,0.025241823549314833
0.5608281089330798,0.025258740991372004
0.6022360836239724,0.025275658433429216
0.8006255082108235,0.025292575875486382
0.7720258396321659,0.02530949331754355
0.7360230931801895,0.02532641075960076
0.7290240128170093,0.02534332820165793
0.7543100396260135,0.0253602456437151
0.7631445868384451,0.025377163085772265
0.7054747079667736,0.025394080527829477
0.6837721137092343,0.025410997969886648
0.6518136475790208,0.025427915411943815
0.7143199852552943,0.025444832854001027
0.8025107949135251,0.025461750296058194
0.8247544979379613,0.025478667738115364
0.8416238359869352,0.025495585180172576
0.776762503962583,0.025512502622229743
0.7487764506187969,0.02552942006428691
0.789239776026959,0.025546337506344125
0.7342385624978979,0.025563254948401292
0.7704852918890349,0.02558017239045846
0.7257261951849645,0.02559708983251567
0.6621260349023967,0.02561400727457284
0.6285706284895444,0.025630924716630008
0.6379398443901463,0.02564784215868722
0.6156170637292802,0.025664759600744387
0.6125961638198805,0.025681677042801557
0.552128274973751,0.025698594484858724
0.5196112133952149,0.025715511926915936
0.48126885000007696,0.025732429368973103
0.6021053052197881,0.025749346811030274
0.6664007549485356,0.025766264253087486
0.7891331867377591,0.025783181695144652
0.8280726159414159,0.02580009913720182
0.800729722563466,0.02581701657925899
0.7742611772092506,0.0258339340213162
0.8166414265849053,0.02585085146337337
0.7701175622159528,0.025867768905430535
0.7756191819520225,0.02588468634748775
0.7573268556286041,0.025901603789544918
0.7170693988553003,0.025918521231602085
0.6961312623780025,0.025935438673659297
0.6732093359598361,0.025952356115716467
0.6004662665183419,0.025969273557773634
0.6489733340307136,0.025986190999830846
0.669060530818626,0.026003108441888013
0.6348865290936826,0.026020025883945183
0.6056262998149394,0.026036943326002395
0.5837465821397781,0.026053860768059562
0.6170382260237122,0.02607077821011673
0.564828680670578,0.0260876956521739
0.5790823115637451,0.02610461309423111
0.6086089979593396,0.026121530536288278
0.6136176761773777,0.026138447978345445
0.611564173443123,0.026155365420402657
0.5900289051874512,0.026172282862459827
0.5541016525541969,0.026189200304516994
0.594303923170982,0.02620611774657416
0.5926264185279355,0.026223035188631373
0.5876919355845249,0.026239952630688543
0.5732988378887015,0.02625687007274571
0.6413496702102532,0.026273787514802922
0.6255961393664448,0.02629070495686009
0.6634586481531596,0.02630762239891726
0.6394394897047786,0.02632453984097447
0.6867432206967758,0.02634145728303164
0.6987618494112721,0.02635837472508881
0.66868506575262,0.02637529216714602
0.6382728473713831,0.026392209609203188
0.6138115848200192,0.026409127051260355
0.6923349638856785,0.026426044493317567
0.6232785157424081,0.026442961935374737
0.5734980600724116,0.026459879377431904
0.5189737477023995,0.02647679681948907
0.504207416226037,0.026493714261546283
0.5996522775090279,0.026510631703603453
0.6204099075632526,0.02652754914566062
0.6357187880386698,0.026544466587717832
0.6233957015124789,0.026561384029775
0.572632829558677,0.02657830147183217
0.5194853804205469,0.026595218913889336
0.5558342545584529,0.026612136355946548
0.52649230236655,0.026629053798003715
0.5238878049440823,0.026645971240060885
0.5443029338508958,0.026662888682118097
0.5470663614583107,0.026679806124175264
0.536319471002586,0.02669672356623243
0.5783383183486998,0.026713641008289647
0.5438471085077715,0.026730558450346813
0.6368024306492959,0.02674747589240398
0.6733781541980866,0.026764393334461192
0.690706121571665,0.026781310776518363
0.7291230222764056,0.02679822821857553
0.6509176998283419,0.02681514566063274
0.5915032910462978,0.02683206310268991
0.6041069855019858,0.02684898054474708
0.5423030141771167,0.02686589798680429
0.6035094526434207,0.026882815428861458
0.6798582050819607,0.026899732870918625
0.7292510726944138,0.026916650312975795
0.6256222404158537,0.026933567755033007
0.5957279604368547,0.026950485197090174
0.6111890158409389,0.02696740263914734
0.5966874544902254,0.026984320081204553
0.5781515030132619,0.027001237523261723
0.5879491756810258,0.02701815496531889
0.6105481179915675,0.027035072407376057
0.683536322304631,0.02705198984943327
0.6529080759597021,0.02706890729149044
0.6777779254207769,0.027085824733547606
0.6647912814529545,0.027102742175604818
0.6151276492525584,0.02711965961766199
0.5505375356236654,0.027136577059719155
0.5415689540513005,0.027153494501776367
0.507988426495206,0.027170411943833534
0.5789679315953348,0.027187329385890704
0.5727382562374189,0.027204246827947916
0.5737904756716978,0.027221164270005083
0.6198822021048938,0.02723808171206225
0.5840490209707956,0.027254999154119462
0.5598635115344796,0.027271916596176633
0.6140586287275531,0.0272888340382338
0.565757441560076,0.027305751480290966
0.5581591868715655,0.02732266892234818
0.5318256135238942,0.02733958636440535
0.5476938339435051,0.027356503806462516
0.560635960289875,0.027373421248519728
0.5521056820464447,0.027390338690576894
0.5271776512871039,0.027407256132634065
0.5638242280967913,0.02742417357469123
0.5188780539423532,0.027441091016748444
0.5194681615185981,0.02745800845880561
0.5640513325176434,0.02747492590086278
0.6173499961250462,0.027491843342919993
0.6662033549589663,0.02750876078497716
0.6485128205333351,0.027525678227034327
0.6301959475925922,0.027542595669091542
0.6033962385695266,0.02755951311114871
0.6008919133218994,0.027576430553205876
0.6377854548671142,0.027593347995263088
0.6480745715124048,0.02761026543732026
0.6445019397912531,0.027627182879377425
0.6431025865696358,0.027644100321434637
0.6502825977820149,0.027661017763491804
0.6540108372702592,0.027677935205548974
0.6608976523029323,0.02769485264760614
0.5954534848489377,0.027711770089663353
0.6003584853774717,0.02772868753172052
0.572051667528662,0.02774560497377769
0.5320400423664354,0.027762522415834903
0.48280725295213883,0.02777943985789207
0.6026043686458908,0.027796357299949236
0.5977444603593702,0.02781327474200645
0.5672653519750878,0.02783019218406362
0.5388354105664289,0.027847109626120786
0.5043336902390319,0.027864027068177952
0.5324810508354821,0.027880944510235168
0.5932132890593464,0.027897861952292335
0.6407616131124063,0.0279147793943495
0.6028319472167623,0.027931696836406714
0.623598517902194,0.027948614278463884
0.5526771024286736,0.02796553172052105
0.5760947048997871,0.027982449162578263
0.5651251578598017,0.02799936660463543
0.5494879646514889,0.0280162840466926
0.5688500176600644,0.028033201488749812
0.5253341850226744,0.02805011893080698
0.6005102440981567,0.028067036372864146
0.6099074638103247,0.028083953814921358
0.5908725862673759,0.028100871256978528
0.543895006574936,0.028117788699035695
0.5475988629641113,0.028134706141092862
0.5587158515597961,0.028151623583150074
0.5630958091851538,0.028168541025207244
0.5785536536881499,0.02818545846726441
0.5956372792966503,0.028202375909321623
0.6154361149030796,0.02821929335137879
0.6468536321606534,0.02823621079343596
0.6261067560741344,0.028253128235493127
0.5914991097791227,0.02827004567755034
0.5730964638505962,0.028286963119607506
0.6394707638195822,0.028303880561664677
0.6418202581542071,0.02832079800372189
0.6846132685770461,0.028337715445779055
0.7049461690608556,0.028354632887836222
0.6772765110352751,0.028371550329893438
0.6834557326967808,0.028388467771950605
0.6778795101114348,0.02840538521400777
0.6962814313465941,0.028422302656064984
0.6638583884473315,0.028439220098122154
0.6504687107273476,0.02845613754017932
0.6812214046055902,0.028473054982236533
0.669044144100732,0.0284899724242937
0.662903517203956,0.02850688986635087
0.6222151396413081,0.028523807308408037
0.651998271762485,0.02854072475046525
0.7159846347325283,0.028557642192522416
0.6984256086153378,0.028574559634579586
0.7354303262553683,0.028591477076636798
0.689710578276481,0.028608394518693965
0.6520450520148006,0.028625311960751132
0.6139627721015714,0.028642229402808302
0.6168888112786692,0.028659146844865514
0.7243778865244613,0.02867606428692268
0.7294731267854871,0.028692981728979848
0.7227048022401573,0.028709899171037064
0.6857368622503474,0.02872681661309423
0.6751137832229769,0.028743734055151397
0.6767335541586428,0.02876065149720861
0.7162443405421852,0.02877756893926578
0.6765370016123675,0.028794486381322947
0.6449144557973403,0.02881140382338016
0.7145505250184265,0.028828321265437325
0.7080509663175367,0.028845238707494496
0.6848806381663342,0.028862156149551708
0.6390921366564957,0.028879073591608875
0.6025335524362347,0.02889599103366604
0.687148192237379,0.028912908475723254
0.6600429246509567,0.028929825917780424
0.6953855617590344,0.02894674335983759
0.6500675927597361,0.028963660801894758
0.6341549476780953,0.02898057824395197
0.6092696325618794,0.02899749568600914
0.60970510138184,0.029014413128066307
0.5558999923317446,0.02903133057012352
0.5798441884874355,0.029048248012180686
0.6094103906916818,0.029065165454237856
0.6061021927489632,0.029082082896295023
0.5978487327491279,0.029099000338352235
0.5599425947503277,0.029115917780409402
0.5711680106986387,0.029132835222466572
0.5606836599245726,0.029149752664523784
0.5724237260925817,0.02916667010658095
0.6449686644640007,0.02918358754863812
0.6311832474205048,0.029200504990695333
0.654704281213534,0.0292174224327525
0.5947771378538228,0.029234339874809667
0.5673341817205124,0.02925125731686688
0.6133889131979127,0.02926817475892405
0.5875152665961567,0.029285092200981216
0.5706460609903958,0.02930200964303843
0.5760155904190563,0.029318927085095595
0.5571487595953006,0.029335844527152766
0.5508642355853286,0.029352761969209933
0.5109785862965557,0.029369679411267145
0.4791239494644144,0.02938659685332431
0.5063349242657454,0.029403514295381482
0.5651286431670215,0.029420431737438694
0.6921818883037588,0.02943734917949586
0.6899702335052507,0.029454266621553028
0.6745696611923231,0.029471184063610198
0.680520506518861,0.02948810150566741
0.6470767870090647,0.029505018947724577
0.6210620891684091,0.029521936389781744
0.578022131652339,0.02953885383183896
0.5228019728904595,0.029555771273896126
0.5318991601185505,0.029572688715953293
0.542087047077537,0.029589606158010505
0.5134774794398311,0.029606523600067675
0.5474321882103732,0.029623441042124842
0.5169331463316958,0.029640358484182054
0.5781473423751101,0.02965727592623922
0.6994276448656643,0.02967419336829639
0.6883865439549705,0.029691110810353603
0.6642014736855524,0.02970802825241077
0.6871002956171431,0.029724945694467937
0.6337543999306042,0.029741863136525108
0.6338107089322154,0.02975878057858232
0.6147489508089498,0.029775698020639486
0.5963438002345622,0.029792615462696653
0.6498743413351107,0.029809532904753865
0.6628625606268349,0.029826450346811036
0.6694050125097993,0.029843367788868203
0.6947459691219142,0.029860285230925415
0.7015670389694064,0.02987720267298258
0.7226144195208621,0.029894120115039752
0.7185890174396572,0.02991103755709692
0.656726314345021,0.02992795499915413
0.5970098425698431,0.0299448724412113
0.5861491123638274,0.029961789883268468
0.5396896012466528,0.02997870732532568
0.5603113895925982,0.029995624767382847
0.6135101180293642,0.030012542209440017
0.5878950068170613,0.03002945965149723
0.626586449846807,0.030046377093554396
0.6934949975849651,0.030063294535611563
0.6916706380559177,0.030080211977668775
0.689580569053743,0.030097129419725945
0.6825104549607068,0.030114046861783112
0.7074910795752549,0.030130964303840324
0.673977060799944,0.03014788174589749
0.6543651689570329,0.03016479918795466
0.6613921061739271,0.030181716630011828
0.653448067950006,0.03019863407206904
0.6160268369092907,0.030215551514126207
0.5648191478073094,0.030232468956183377
0.5752175137376383,0.03024938639824059
0.5774605381469405,0.030266303840297756
0.5679861154540758,0.030283221282354923
0.5712849614130959,0.030300138724412094
0.5706728909101093,0.030317056166469306
0.5785183003493949,0.030333973608526472
0.5834526293237053,0.03035089105058364
0.5964027542081709,0.030367808492640855
0.587614885823507,0.03038472593469802
0.5570370788229139,0.03040164337675519
0.5336459167681242,0.0304185608188124
0.5859974414413854,0.03043547826086957
0.6138170910124529,0.030452395702926738
0.5825629077152052,0.03046931314498395
0.5354274683630975,0.030486230587041117
0.49551383443168895,0.030503148029098287
0.483670020401415,0.0305200654711555
0.480816449165294,0.030536982913212666
0.5540355169295863,0.030553900355269833
0.621513714275328,0.030570817797327003
0.5930285909824115,0.030587735239384215
0.554266989950541,0.030604652681441382
0.5579448467288044,0.03062157012349855
0.570656762583544,0.03063848756555576
0.6154814251768511,0.03065540500761293
0.5501672656145034,0.030672322449670098
0.5957534099266003,0.030689239891727265
0.512855247429615,0.03070615733378448
0.45780200125503995,0.030723074775841647
0.43669390965881716,0.030739992217898814
0.4803742312541228,0.030756909659956026
0.45027635043069697,0.030773827102013197
0.5270317240175006,0.030790744544070364
0.5503560220095634,0.030807661986127576
0.5716015152051543,0.030824579428184742
0.6155604999792175,0.030841496870241913
0.616571901761023,0.030858414312299125
0.6428772199332935,0.03087533175435629
0.6855676999235331,0.03089224919641346
0.6386930827732229,0.03090916663847067
0.6135690835662956,0.03092608408052784
0.7063527844387909,0.030943001522585008
0.6730564587941663,0.030959918964642175
0.7122153563206114,0.030976836406699387
0.6242491601232464,0.030993753848756557
0.5458182065346857,0.031010671290813724
0.5548656438715475,0.031027588732870936
0.5887123707872404,0.031044506174928103
0.5600264719281016,0.031061423616985273
0.554442159426484,0.031078341059042485
0.5671193536855964,0.031095258501099652
0.5304627427846741,0.03111217594315682
0.5108219094586811,0.03112909338521399
0.5750294929752702,0.0311460108272712
0.5260910098560615,0.031162928269328368
0.521268260861076,0.031179845711385535
0.5796089747624693,0.03119676315344275
0.5774571402134179,0.031213680595499917
0.5375457607318306,0.031230598037557084
0.6333830994454499,0.031247515479614296
0.6163458499977967,0.03126443292167146
0.5851722577150648,0.03128135036372863
0.572917609924951,0.031298267805785845
0.5375712092835735,0.03131518524784301
0.5329286596074924,0.03133210268990018
0.5615991823589981,0.031349020131957395
0.5245018321447515,0.03136593757401456
0.48709459449235154,0.03138285501607173
0.48569302436020817,0.031399772458128895
0.6089296712581861,0.03141668990018611
0.5733587562326231,0.03143360734224328
0.5324178909686119,0.031450524784300445
0.5083385328791071,0.03146744222635766
0.5190850909822408,0.03148435966841483
0.5943273159880021,0.031501277110471994
0.6295761826053127,0.03151819455252916
0.6550334145557772,0.031535111994586376
0.6278313318834219,0.03155202943664354
0.6909908707893303,0.03156894687870071
0.6785228773718207,0.031585864320757925
0.667076760511806,0.03160278176281509
0.6260212373584194,0.03161969920487226
0.588561649072145,0.03163661664692947
0.5755097349071301,0.03165353408898664
0.5350605133838492,0.03167045153104381
0.5605901983314385,0.03168736897310102
0.5318491504139606,0.031704286415158184
0.5611853516536478,0.03172120385721536
0.5193380110611537,0.031738121299272566
0.5703276867191012,0.03175503874132973
0.5954953213151308,0.03177195618338691
0.5443545047136953,0.031788873625444074
0.6370575240208952,0.03180579106750128
0.6802118508779406,0.03182270850955845
0.7095476459474086,0.03183962595161562
0.6625540491748427,0.03185654339367283
0.6134845087376097,0.03187346083573
0.5642711217758545,0.031890378277787165
0.5306123849199207,0.03190729571984434
0.5986209795034719,0.03192421316190155
0.5419918346529637,0.031941130603958715
0.6520770111183671,0.03195804804601588
0.6592361266215919,0.0319749654880731
0.6399194188753986,0.031991882930130264
0.6179655462773819,0.03200880037218743
0.5732941246249024,0.032025717814244646
0.5944731288129285,0.03204263525630181
0.6684623402733958,0.03205955269835898
0.626710489780057,0.032076470140416195
0.5812652531388192,0.03209338758247336
0.5483627774813007,0.03211030502453053
0.6362583882409916,0.032127222466587745
0.6215852218308914,0.03214413990864491
0.6136679186375037,0.03216105735070208
0.5989301668764031,0.03217797479275929
0.562238587312768,0.03219489223481646
0.5463627325478158,0.03221180967687363
0.5418666400101154,0.032228727118930794
0.5760464149782156,0.032245644560988
0.5669963779504376,0.03226256200304518
0.5573827840848984,0.032279479445102344
0.5324969643723346,0.03229639688715955
0.5443901582059365,0.03231331432921672
0.5171806167361818,0.03233023177127389
0.5042538126943653,0.03234714921333106
0.5337495152662711,0.03236406665538827
0.5373240188368572,0.032380984097445435
0.5420724571234714,0.03239790153950261
0.538555679359971,0.03241481898155982
0.5591361027073372,0.032431736423616984
0.5762191614398565,0.03244865386567415
0.635233430138366,0.03246557130773137
0.6535440668035639,0.032482488749788534
0.6810791837826644,0.0324994061918457
0.6212849714482049,0.032516323633902916
0.5486329395075019,0.03253324107596008
0.5318318167129656,0.03255015851801725
0.46095166276292016,0.032567075960074465
0.4579365723959288,0.03258399340213163
0.5264367599194592,0.0326009108441888
0.5403865924601035,0.032617828286245966
0.5991509955028118,0.03263474572830318
0.5963588913996555,0.03265166317036035
0.5531948237196237,0.032668580612417515
0.5471035503209138,0.03268549805447473
0.48505969050411424,0.0327024154965319
0.46939311983493204,0.032719332938589064
0.5085867290680189,0.03273625038064623
0.5740738586572472,0.03275316782270345
0.6621995271037153,0.032770085264760614
0.6440485239656871,0.03278700270681778
0.6468830562140232,0.03280392014887499
0.6430777197286038,0.03282083759093216
0.5941286234223484,0.03283775503298933
0.5724925158948612,0.03285467247504654
0.5527479456687698,0.032871589917103705
0.5780725683231933,0.03288850735916088
0.6093676491943822,0.03290542480121809
0.5895343744252385,0.032922342243275254
0.5322280544832755,0.03293925968533242
0.5440609231627312,0.03295617712738964
0.5164945602445863,0.032973094569446804
0.57995566368334,0.03299001201150397
0.5260957689303756,0.033006929453561144
0.5427811313643932,0.03302384689561835
0.534881033021202,0.03304076433767552
0.552870219960205,0.03305768177973269
0.5460776496047912,0.0330745992217899
0.5010644939037274,0.03309151666384707
0.5160446044995078,0.033108434105904236
0.5191910884534271,0.03312535154796145
0.5282183426026464,0.03314226899001862
0.5362716307166386,0.033159186432075785
0.5042866400816575,0.03317610387413295
0.5334441011697877,0.03319302131619017
0.6156450109124842,0.033209938758247334
0.5843945301724007,0.0332268562003045
0.5717823749504511,0.03324377364236172
0.6951489166992526,0.033260691084418884
0.6619043721022305,0.03327760852647605
0.6325615821887729,0.033294525968533266
0.5964646779385947,0.03331144341059043
0.5758393043587798,0.0333283608526476
0.5979213304766173,0.03334527829470481
0.6519458085257336,0.03336219573676198
0.6008468222585142,0.03337911317881915
0.5403905889961577,0.03339603062087636
0.5012649004915124,0.033412948062933524
0.4874613289243989,0.0334298655049907
0.46716914806421705,0.033446782947047865
0.4475466826252628,0.033463700389105074
0.44418637106358916,0.03348061783116224
0.5548595519824021,0.033497535273219414
0.6452162768016809,0.03351445271527662
0.6595831319149776,0.03353137015733379
0.6775376402899778,0.03354828759939096
0.6416345042836791,0.03356520504144813
0.7516784034452538,0.03358212248350534
0.7602140515869221,0.033599039925562506
0.711724739060828,0.03361595736761967
0.700449725616796,0.03363287480967689
0.6588155731589184,0.033649792251734055
0.5679417693639267,0.03366670969379122
0.4930981363077536,0.03368362713584844
0.4810926826969445,0.033700544577905604
0.6666991879284907,0.03371746201996277
0.6734371797037545,0.03373437946201999
1.0139515412483553,0.033751296904077153
0.9736335883644375,0.03376821434613432
0.9449982174322727,0.033785131788191536
0.7977391434181312,0.0338020492302487
0.7514387092962727,0.03381896667230587
0.7056839960396182,0.033835884114363037
0.7022689022684011,0.03385280155642025
0.6859098941535882,0.03386971899847742
0.6326031840206092,0.033886636440534586
0.6097096448231463,0.033903553882591794
0.7624544338455777,0.03392047132464897
0.7170287955658421,0.033937388766706135
0.7067648759569156,0.0339543062087633
0.6567549758025351,0.03397122365082051
0.6146820468003228,0.033988141092877684
0.611108957314068,0.03400505853493485
0.5780252803036164,0.03402197597699206
0.6061257472569618,0.034038893419049226
0.5689303200193145,0.0340558108611064
0.5576186117130835,0.03407272830316361
0.585745413033034,0.034089645745220776
0.6778732927067006,0.03410656318727794
0.6866240454850931,0.03412348062933516
0.6282113634060494,0.034140398071392325
0.6029247635611433,0.03415731551344949
0.5751344258792034,0.03417423295550671
0.6225903984075254,0.034191150397563874
0.5765942975811533,0.03420806783962104
0.5387132680362361,0.03422498528167821
0.5012037925677217,0.03424190272373542
0.5382485288585598,0.03425882016579259
0.5180385925933023,0.03427573760784976
0.5565422112595478,0.03429265504990697
0.6146092243871244,0.03430957249196414
0.5629407924716594,0.034326489934021306
0.5348871956113913,0.03434340737607852
0.5041107185557634,0.03436032481813569
0.5428497630655885,0.034377242260192856
0.6289693584680653,0.03439415970225002
0.6264717356872637,0.03441107714430724
0.6138622344741884,0.034427994586364405
0.611056437588506,0.03444491202842157
0.5749194188887065,0.03446182947047878
0.5605140935559421,0.034478746912535954
0.5219012865368008,0.03449566435459312
0.5100280995324039,0.03451258179665033
0.5335990472757645,0.0345294992387075
0.6056071149606568,0.03454641668076467
0.6696560921111951,0.03456333412282188
0.6922904802830419,0.034580251564879046
0.6412876032568138,0.03459716900693622
0.6330336159687933,0.03461408644899343
0.6147332291779277,0.034631003891050595
0.5831345340392874,0.03464792133310776
0.5723885195081938,0.034664838775164936
0.5855606354574767,0.034681756217222144
0.5613250499805139,0.03469867365927931
0.6124268107287348,0.03471559110133648
0.565895945443492,0.03473250854339369
0.5452061598410454,0.03474942598545086
0.5871816996662018,0.03476634342750803
0.6408248403810023,0.034783260869565194
0.6969758637064742,0.03480017831162241
0.6665818267912902,0.034817095753679576
0.6661501188159973,0.03483401319573674
0.6454182234669519,0.03485093063779396
0.65614024140555,0.034867848079851126
0.6278338816811112,0.03488476552190829
0.5609819004574988,0.03490168296396551
0.536390090754793,0.034918600406022675
0.504935767071379,0.03493551784807984
0.549699553503142,0.03495243529013706
0.555436832629479,0.034969352732194224
0.540398554343253,0.03498627017425139
0.6191200863029716,0.0350031876163086
0.5759955486223028,0.03502010505836577
0.5818055741441192,0.03503702250042294
0.5392740923128081,0.03505393994248011
0.5155707921951256,0.035070857384537316
0.498973437259137,0.03508777482659449
0.4623876338080878,0.035104692268651656
0.4596750835479351,0.035121609710708865
0.4772783835650327,0.03513852715276603
0.4232323632574751,0.035155444594823206
0.46140387184911363,0.03517236203688037
0.5361712418198061,0.03518927947893758
0.5901569837092934,0.03520619692099475
0.5536048800754212,0.03522311436305192
0.5289094043578834,0.03524003180510913
0.5291939054176117,0.0352569492471663
0.5156828859841749,0.035273866689223464
0.6141487438993395,0.03529078413128068
0.594854170442958,0.035307701573337846
0.5622701063643609,0.03532461901539501
0.5337516081246308,0.03534153645745223
0.5239240894248146,0.035358453899509396
0.5079667444650379,0.03537537134156656
0.4888367434838651,0.03539228878362378
0.5779974643786143,0.035409206225680945
0.5984774616876753,0.03542612366773811
0.5549255381043364,0.03544304110979533
0.5190981622549382,0.035459958551852494
0.5367663022687028,0.03547687599390966
0.531813142046133,0.03549379343596683
0.5431450345872237,0.03551071087802404
0.5429681451128637,0.03552762832008121
0.6205992151106767,0.03554454576213838
0.6251078048392433,0.035561463204195586
0.6121841390168109,0.03557838064625276
0.6032065764455349,0.035595298088309926
0.5749268246005655,0.03561221553036709
0.5585143039473439,0.0356291329724243
0.542385905571663,0.035646050414481475
0.5973882433477113,0.03566296785653864
0.5801141307117995,0.03567988529859585
0.5631847715665863,0.03569680274065302
0.5554201870195045,0.03571372018271019
0.49541180483754266,0.0357306376247674
0.48007687252565856,0.03574755506682457
0.4507273500903816,0.035764472508881734
0.4885878853594757,0.03578138995093895
0.42894977272315804,0.035798307392996116
0.4005892033637682,0.03581522483505328
0.49202208958157856,0.0358321422771105
0.5570958673325297,0.035849059719167665
0.6233931993935201,0.03586597716122483
0.6603211335733489,0.035882894603282
0.6232242125189269,0.035899812045339215
0.6293928494386645,0.03591672948739638
0.5962102786964395,0.03593364692945355
0.5727349818759139,0.035950564371510764
0.5762425423473498,0.03596748181356793
0.538449494903118,0.0359843992556251
0.5505811324634795,0.036001316697682265
0.62863382505724,0.03601823413973948
0.5632646604963077,0.03603515158179665
0.5624075829655277,0.036052069023853814
0.5910405754781046,0.03606898646591103
0.5706845295219644,0.036085903907968196
0.5084732410740077,0.03610282135002536
0.49324128130525113,0.03611973879208258
0.47551483590960314,0.036136656234139745
0.48682435098934024,0.03615357367619691
0.6269129653266895,0.03617049111825412
0.6175199857943717,0.036187408560311295
0.6216037958139947,0.03620432600236846
0.6841994118114131,0.03622124344442567
0.715275863124515,0.03623816088648284
0.664328207026788,0.03625507832854001
0.6359469449129648,0.03627199577059718
0.6163700227425056,0.036288913212654386
0.6427024606454815,0.03630583065471155
0.6349050405493137,0.03632274809676873
0.6265921118156718,0.036339665538825935
0.5839345790780868,0.0363565829808831
0.5680684834986754,0.03637350042294027
0.5964362454628808,0.036390417864997485
0.5685085342101941,0.03640733530705465
0.5584532726425083,0.03642425274911182
0.5720005002513053,0.036441170191168985
0.5337594602024176,0.0364580876332262
0.5610229971818621,0.03647500507528337
0.5209319116920229,0.036491922517340535
0.5141703881621358,0.03650883995939775
0.47982610645294166,0.03652575740145492
0.4475558808040617,0.036542674843512084
0.41493402406311025,0.0365595922855693
0.48637521254806515,0.036576509727626466
0.5086127161009216,0.03659342716968363
0.5924458455263062,0.03661034461174085
0.5706825575207459,0.036627262053798015
0.6005839006880751,0.03664417949585518
0.5779324687941735,0.03666109693791239
0.5874555522142939,0.036678014379969565
0.586542686934399,0.03669493182202673
0.5820229578933139,0.0367118492640839
0.5757530394332424,0.03672876670614111
0.5392718722929013,0.03674568414819828
0.5219386903849802,0.03676260159025545
0.4869454692528694,0.036779519032312656
0.5075720700205206,0.03679643647436982
0.5182479145193768,0.036813353916427
0.49847255723195655,0.036830271358484164
0.4759922808529328,0.03684718880054137
0.4352780847645912,0.03686410624259854
0.4152925645428589,0.03688102368465571
0.4056878058209174,0.03689794112671292
0.4161307965194506,0.03691485856877009
0.3979234281758724,0.036931776010827255
0.4189730909331845,0.03694869345288447
0.46293808435314554,0.03696561089494164
0.478374051371524,0.036982528336998804
0.6216594833686425,0.03699944577905602
0.619029578252989,0.03701636322111319
0.5731388780946397,0.037033280663170354
0.5940931442161292,0.03705019810522757
0.5940940620724273,0.037067115547284736
0.546482272324873,0.0370840329893419
0.5124181150419815,0.03710095043139907
0.5047379922090613,0.037117867873456285
0.5063600572918768,0.03713478531551345
0.48167791628638235,0.03715170275757062
0.49481490583260324,0.037168620199627835
0.5278535988413451,0.037185537641685
0.4959524557179736,0.03720245508374217
0.471092014327568,0.037219372525799335
0.4961490740894653,0.03723628996785655
0.5087125627612573,0.03725320740991372
0.5268916510276399,0.037270124851970884
0.5270347017234487,0.03728704229402809
0.5652622237353263,0.03730395973608527
0.5426025056480359,0.037320877178142434
0.5651345343302879,0.03733779462019964
0.5387528014907197,0.037354712062256816
0.5400133429152931,0.03737162950431398
0.5624976991163226,0.03738854694637119
0.5560157607830789,0.03740546438842836
0.5394597240954421,0.03742238183048553
0.523911252710802,0.03743929927254274
0.5209360957889418,0.03745621671459991
0.4862784457801709,0.037473134156657074
0.4663443098544224,0.03749005159871425
0.45948189934723727,0.03750696904077146
0.461342773363059,0.037523886482828624
0.45295853537326275,0.03754080392488579
0.4663637608051715,0.037557721366943006
0.4509667837429379,0.03757463880900017
0.4826666183319358,0.03759155625105734
0.5203115039703583,0.037608473693114555
0.6738680596063404,0.03762539113517172
0.6254194374807572,0.03764230857722889
0.6079578158003407,0.037659226019286056
0.6470245168004288,0.03767614346134327
0.6766694939449514,0.03769306090340044
0.7015430336248942,0.037709978345457605
0.7578129653177316,0.03772689578751482
0.7231707719200179,0.03774381322957199
0.6409542737192572,0.037760730671629154
0.5794563851981689,0.03777764811368637
0.6452200501942102,0.03779456555574354
0.5582252007550768,0.037811482997800704
0.5613517413001674,0.03782840043985791
0.5365482826599612,0.037845317881915086
0.5315832344348538,0.03786223532397225
0.5317812321706858,0.03787915276602946
0.5636410878598092,0.03789607020808663
0.5499613715409754,0.0379129876501438
0.5657572017669295,0.03792990509220097
0.5248863531398467,0.03794682253425818
0.5140830145873778,0.037963739976315344
0.4790093315917773,0.03798065741837252
0.514087761503738,0.03799757486042973
0.5380123576023434,0.038014492302486894
0.5375364558297996,0.03803140974454406
0.5510593641915802,0.038048327186601234
0.516790937512627,0.03806524462865844
0.5092889993425296,0.03808216207071561
0.5309489869305362,0.03809907951277278
0.5403908295018569,0.03811599695482999
0.5410683475004113,0.03813291439688716
0.5490466373814326,0.038149831838944326
0.5169465734683022,0.03816674928100154
0.4992804860371387,0.03818366672305871
0.59416978639746,0.038200584165115875
0.5334801600963616,0.03821750160717309
0.4974363209081287,0.03823441904923026
0.519715767007875,0.038251336491287424
0.49202230843051875,0.03826825393334464
0.4974011562041013,0.03828517137540181
0.48566897565297834,0.038302088817458974
0.4854539780153636,0.03831900625951614
0.47638498531451257,0.038335923701573356
0.4470162891282275,0.03835284114363052
0.45809247914422635,0.03836975858568769
0.47076936819926174,0.0383866760277449
0.49481053955376364,0.03840359346980207
0.5997905874810237,0.03842051091185924
0.5505277748554244,0.038437428353916406
0.5400410601019299,0.038454345795973614
0.5351907975291758,0.03847126323803079
0.5434902125053047,0.038488180680087955
0.5350751132529926,0.038505098122145164
0.544495296538826,0.03852201556420233
0.5357635355480164,0.038538933006259504
0.5311913996130347,0.03855585044831671
0.526537589962492,0.03857276789037388
0.5174807490787583,0.03858968533243105
0.526059391648108,0.03860660277448826
0.531824113965459,0.03862352021654543
0.4934429065707742,0.038640437658602596
0.5312271345713472,0.03865735510065981
0.5219683948404579,0.03867427254271698
0.5247609617906402,0.038691189984774145
0.5627109410442981,0.03870810742683136
0.5913579465610245,0.03872502486888853
0.5694869817624457,0.038741942310945694
0.5718161750896746,0.03875885975300286
0.5888218513380666,0.03877577719506008
0.5832688873013798,0.038792694637117243
0.5822958521048979,0.03880961207917441
0.5436894553503002,0.038826529521231626
0.5080018784682437,0.03884344696328879
0.48752277462327365,0.03886036440534596
0.6002014348399154,0.038877281847403126
0.5677520270738213,0.03889419928946034
0.585589654095428,0.03891111673151751
0.5306911761343136,0.038928034173574676
0.5552301402711594,0.03894495161563189
0.543268566991784,0.03896186905768906
0.5350176379409615,0.038978786499746225
0.5194504785797742,0.03899570394180343
0.4979012074678538,0.03901262138386061
0.49337965151543606,0.039029538825917774
0.4854835502376174,0.03904645626797498
0.46671925839344786,0.03906337371003215
0.5495683698380799,0.03908029115208932
0.5018077670355487,0.03909720859414653
0.48079133262792023,0.0391141260362037
0.5233601111615404,0.039131043478260866
0.5542626800890529,0.03914796092031804
0.5449846007629843,0.03916487836237525
0.5776746923291375,0.039181795804432415
0.5513978286237471,0.03919871324648958
0.5446829306007189,0.0392156306885468
0.5073957170582424,0.039232548130603964
0.5207454701691159,0.03924946557266113
0.5002257935547263,0.0392663830147183
0.47967880665011653,0.03928330045677551
0.4601253306766149,0.03930021789883268
0.4373191802422044,0.03931713534088985
0.4696768092091749,0.03933405278294706
0.48138420716729724,0.03935097022500423
0.4891519342725036,0.039367887667061396
0.4740251854947851,0.03938480510911861
0.47030415780477897,0.03940172255117578
0.4462565334410125,0.039418639993232946
0.4812232138133569,0.03943555743529016
0.4979407573872029,0.03945247487734733
0.507637757868228,0.039469392319404495
0.4669119149928551,0.0394863097614617
0.497420861759604,0.03950322720351888
0.4774182732413777,0.039520144645576044
0.4945911642321403,0.03953706208763321
0.5505561015135809,0.03955397952969042
0.5241807048421514,0.03957089697174759
0.5057408050617704,0.03958781441380476
0.4908806372420891,0.03960473185586197
0.4826415112604224,0.039621649297919136
0.5316237394801396,0.03963856673997631
0.5330370692246451,0.03965548418203352
0.508948024339143,0.039672401624090685
0.5173194736056833,0.03968931906614785
0.5020573639721321,0.039706236508205026
0.5631258530498064,0.039723153950262234
0.5302984152698929,0.0397400713923194
0.5056746689052911,0.03975698883437657
0.4979190896011616,0.03977390627643378
0.46872856577692235,0.03979082371849095
0.46249685971306015,0.03980774116054812
0.4484218401779036,0.03982465860260533
0.5154830251589855,0.0398415760446625
0.5141478565895907,0.039858493486719666
0.5036470423193258,0.03987541092877688
0.496696869933723,0.03989232837083405
0.49320123426446805,0.039909245812891216
0.5305968589173118,0.03992616325494843
0.5021782868374475,0.0399430806970056
0.5137735885992915,0.039959998139062765
0.5057220504772878,0.03997691558111993
0.49487541088201337,0.03999383302317715
0.49367720658570713,0.040010750465234314
0.46622909923386724,0.04002766790729148
0.466911032358743,0.04004458534934869
0.528024041302949,0.04006150279140586
0.48790623040831077,0.04007842023346303
0.4869164152291297,0.0400953376755202
0.4941573678133392,0.040112255117577406
0.5080813359163208,0.04012917255963458
0.45965739813979495,0.040146090001691746
0.5470008828444166,0.040163007443748955
0.5781818730197655,0.04017992488580613
0.5435933075398054,0.040196842327863296
0.5466535967230675,0.040213759769920504
0.5776411280345819,0.04023067721197767
0.5376616347083968,0.040247594654034845
0.5047230127056059,0.04026451209609205
0.4634780826250408,0.04028142953814922
0.4991361452801779,0.04029834698020639
0.5337332569490874,0.0403152644222636
0.5823496049985094,0.04033218186432077
0.5874522023475014,0.040349099306377936
0.5339294666509504,0.0403660167484351
0.4910120005973717,0.04038293419049232
0.5385572620684735,0.040399851632549486
0.560091984943933,0.04041676907460665
0.599952242911964,0.04043368651666387
0.6399970826634641,0.040450603958721035
0.6240540287597082,0.0404675214007782
0.6135989420972746,0.04048443884283537
0.5998607272595152,0.040501356284892584
0.5550968940806377,0.04051827372694975
0.5946623798809042,0.04053519116900692
0.6010141107719413,0.04055210861106413
0.6501814511045831,0.0405690260531213
0.6340593168437496,0.04058594349517847
0.6054531629323971,0.04060286093723568
0.5557254966449747,0.04061977837929285
0.5296147200546273,0.040636695821350016
0.5236667480533607,0.040653613263407225
0.5042283782534033,0.0406705307054644
0.4681347270148778,0.040687448147521565
0.4850485411753483,0.040704365589578774
0.6083303759471756,0.04072128303163594
0.610544293719624,0.040738200473693115
0.5614820715571202,0.04075511791575028
0.5556173202820426,0.04077203535780749
0.5809759996277337,0.04078895279986466
0.557251445606728,0.04080587024192183
0.5250433263424076,0.04082278768397904
0.5199684939577609,0.040839705126036206
0.5180878513490701,0.04085662256809337
0.544696511700594,0.04087354001015059
0.5383782759307572,0.040890457452207755
0.5043647229670484,0.04090737489426492
0.5117700052260556,0.04092429233632209
0.5127976140975316,0.040941209778379305
0.4941079121112314,0.04095812722043647
0.49455217927928663,0.04097504466249364
0.5246712677497538,0.040991962104550854
0.5372847408309677,0.04100887954660802
0.5292255115711768,0.04102579698866519
0.4801060185594622,0.0410427144307224
0.5111153901229909,0.04105963187277957
0.49340857510651037,0.04107654931483674
0.46368303255148635,0.04109346675689395
0.5589309521985683,0.04111038419895112
0.5302771658478287,0.041127301641008286
0.5186426067970679,0.041144219083065495
0.5307995338934648,0.04116113652512267
0.5450341311850538,0.041178053967179835
0.5486426160938256,0.041194971409237
0.5398225511079402,0.04121188885129421
0.49878713686985743,0.041228806293351385
0.5297517673152524,0.04124572373540855
0.539545015174376,0.04126264117746576
0.5658094292308705,0.04127955861952293
0.5821567062875285,0.0412964760615801
0.5337620166413509,0.04131339350363727
0.5162294814962167,0.041330310945694476
0.4824007638278023,0.04134722838775164
0.4894202262546552,0.04136414582980882
0.5062509346315013,0.041381063271866025
0.48157647993634123,0.04139798071392319
0.48697571155603714,0.04141489815598036
0.4532784616722742,0.041431815598037575
0.4470916645347341,0.04144873304009474
0.48612995995038866,0.04146565048215191
0.44887904368205167,0.041482567924209124
0.4698171936858757,0.04149948536626629
0.45414834208401555,0.04151640280832346
0.459128473099967,0.04153332025038067
0.45501758765927963,0.04155023769243784
0.5037073660830816,0.04156715513449501
0.5196194663794964,0.041584072576552174
0.4805438232542777,0.04160099001860939
0.43780762649549676,0.041617907460666556
0.43210631566821445,0.04163482490272372
0.4310044821705732,0.04165174234478094
0.43748455855101853,0.041668659786838105
0.43699100901961735,0.04168557722889527
0.5014528416814837,0.04170249467095244
0.5036609596588162,0.041719412113009655
0.4419603209954856,0.04173632955506682
0.4201282092938708,0.04175324699712399
0.38238805365641015,0.041770164439181204
0.39115217194620056,0.04178708188123837
0.4331541169934534,0.04180399932329554
0.4549290743869991,0.041820916765352746
0.4563301549277664,0.04183783420740992
0.4337423241871167,0.04185475164946709
0.4766484575857774,0.041871669091524295
0.4558472873679841,0.04188858653358146
0.517138166579568,0.041905503975638636
0.575260888221235,0.041922421417695845
0.7849587763805159,0.04193933885975301
0.7500273438659485,0.04195625630181018
0.7643685104344031,0.041973173743867394
0.7764540125444526,0.04199009118592456
0.7594027606260773,0.04200700862798173
0.7131487200746534,0.042023926070038894
0.7689895208747861,0.04204084351209611
0.7196987292028807,0.04205776095415328
0.6349117057210082,0.042074678396210444
0.6115162528901,0.04209159583826766
0.5908146148799817,0.042108513280324826
0.6188828663729795,0.04212543072238199
0.6139781965178782,0.04214234816443916
0.6594067011962362,0.042159265606496375
0.5940728322418554,0.04217618304855354
0.59564542657153,0.04219310049061071
0.6177364459515904,0.042210017932667925
0.5678475515748099,0.04222693537472509
0.5403867317601073,0.04224385281678226
0.5432998143326464,0.042260770258839474
0.5507881921681741,0.04227768770089664
0.5532058463218196,0.04229460514295381
0.511489086208533,0.042311522585011016
0.4995126667481985,0.04232844002706819
0.530278129805114,0.04234535746912536
0.5191952871711939,0.042362274911182565
0.5082204093481612,0.04237919235323973
0.47656282583439447,0.042396109795296906
0.4721252902314194,0.04241302723735407
0.5313533054959876,0.04242994467941128
0.510666176253327,0.04244686212146845
0.5626792785118169,0.04246377956352562
0.6172278902204948,0.04248069700558283
0.6135187928892866,0.04249761444764
0.6023877410108006,0.042514531889697164
0.6001507638306742,0.04253144933175434
0.5807531474758248,0.04254836677381155
0.5536092757168659,0.042565284215868714
0.5414199244168002,0.04258220165792588
0.5172897407362143,0.042599119099983096
0.49231478404595685,0.04261603654204026
0.481065492483729,0.04263295398409743
0.5028660978100729,0.042649871426154645
0.5114483424204216,0.04266678886821181
0.5176299959959687,0.04268370631026898
0.60625778440969,0.042700623752326194
0.5535327220307733,0.04271754119438336
0.5346711833752749,0.04273445863644053
0.5230563071948335,0.042751376078497744
0.5108161876664198,0.04276829352055491
0.4877866395366698,0.04278521096261208
0.5270679980955528,0.042802128404669244
0.6534212661140766,0.04281904584672646
0.6397510633749649,0.04283596328878363
0.614134527515005,0.042852880730840794
0.6106510816181747,0.042869798172898
0.5827555523844599,0.042886715614955176
0.6154906762863827,0.04290363305701234
0.5695793639203415,0.04292055049906955
0.5448802479569519,0.04293746794112672
0.545266586022727,0.04295438538318389
0.5079026241915643,0.04297130282524106
0.4689014748586989,0.04298822026729827
0.49562381870379263,0.04300513770935544
0.4621508293694672,0.04302205515141261
0.456831314034972,0.04303897259346982
0.4513929429592398,0.043055890035526984
0.48815909170641164,0.04307280747758416
0.6053511630974902,0.043089724919641366
0.7245905980652725,0.04310664236169853
0.6634099054484491,0.0431235598037557
0.6522770538448434,0.043140477245812915
0.6527850639437947,0.04315739468787008
0.664906693427985,0.04317431212992725
0.674717901491503,0.043191229571984464
0.6561614500231585,0.04320814701404163
0.6122502209144467,0.0432250644560988
0.5442872680344291,0.043241981898155965
0.5541613965923077,0.04325889934021318
0.5748217916245847,0.04327581678227035
0.561771767596848,0.043292734224327514
0.6378241437756595,0.04330965166638473
0.6293434348172806,0.0433265691084419
0.5680570241981239,0.043343486550499064
0.5312654922146393,0.04336040399255623
0.5475787361255322,0.043377321434613446
0.5323371283047227,0.04339423887667061
0.5320828073686622,0.04341115631872778
0.5131845981650561,0.043428073760784995
0.4948743689674545,0.04344499120284216
0.501049956370863,0.04346190864489933
0.608851616135814,0.04347882608695654
0.6216707504205531,0.04349574352901371
0.6202706318229537,0.04351266097107088
0.5943571206832012,0.04352957841312809
0.5937538049144809,0.043546495855185254
0.5811437409339957,0.04356341329724243
0.5388128551815837,0.043580330739299636
0.536489851711185,0.0435972481813568
0.5027584254248868,0.04361416562341397
0.5185317730509384,0.04363108306547114
0.5421178369206702,0.04364800050752835
0.526383378385108,0.04366491794958552
0.5044515675533623,0.043681835391642686
0.5060497121992755,0.0436987528336999
0.5591989792969265,0.04371567027575707
0.5961115509340317,0.043732587717814235
0.5959431529100061,0.0437495051598714
0.6314207434698201,0.04376642260192862
0.5966056680714494,0.043783340043985784
0.6349142627744203,0.04380025748604295
0.6183449019454579,0.04381717492810017
0.5582772306174167,0.04383409237015733
0.5304036825156314,0.0438510098122145
0.5284175586109243,0.043867927254271716
0.47135925383606614,0.04388484469632888
0.5256435282328848,0.04390176213838605
0.5821462160189251,0.043918679580443265
0.6774947790971836,0.04393559702250043
0.6388773678677432,0.0439525144645576
0.575096224461965,0.04396943190661481
0.7199137009898601,0.04398634934867198
0.6435743409569882,0.04400326679072915
0.6081885566851157,0.044020184232786315
0.5784962908856598,0.04403710167484352
0.5698692310994885,0.0440540191169007
0.5479837504344004,0.044070936558957864
0.5552515743030562,0.04408785400101507
0.5468766496859752,0.04410477144307224
0.5187585795945138,0.04412168888512941
0.47751771172096014,0.04413860632718662
0.46190245954362297,0.04415552376924379
0.4913411180827439,0.044172441211300956
0.4762742015245295,0.04418935865335813
0.519636447630146,0.04420627609541534
0.49188239805048223,0.044223193537472505
0.4659645790429554,0.04424011097952967
0.45113985018504793,0.04425702842158689
0.6831295591717811,0.044273945863644054
0.6299920699696423,0.04429086330570122
0.6275111811717893,0.044307780747758437
0.5708556653945085,0.0443246981898156
0.5443314994882295,0.04434161563187277
0.5396829911478956,0.044358533073929986
0.5134916002280394,0.04437545051598715
0.5185955281835302,0.04439236795804432
0.5551353665814006,0.044409285400101535
0.530856243580596,0.0444262028421587
0.5067162150621545,0.04444312028421587
0.47078405694008923,0.044460037726273036
0.4602677732772911,0.04447695516833025
0.47793632031021793,0.04449387261038742
0.5334163131756646,0.044510790052444585
0.5429655887637983,0.0445277074945018
0.5263772291306218,0.04454462493655897
0.5100558266928641,0.044561542378616134
0.5042494965307592,0.0445784598206733
0.5133734689325237,0.044595377262730516
0.4734607614016647,0.04461229470478768
0.44524885828782046,0.04462921214684485
0.48099163862458016,0.04464612958890206
0.5075125987719786,0.04466304703095923
0.5466067310485277,0.0446799644730164
0.5588020059516458,0.04469688191507361
0.6128410437147163,0.044713799357130775
0.5846740991624468,0.04473071679918795
0.6066953135134597,0.04474763424124516
0.5878427420140759,0.044764551683302324
0.563174571123239,0.04478146912535949
0.5378539169045422,0.044798386567416706
0.5164961977173594,0.04481530400947387
0.547641910184996,0.04483222145153104
0.5328479405797137,0.04484913889358821
0.5949538704996596,0.04486605633564542
0.6043776319221886,0.04488297377770259
0.6056495345271613,0.044899891219759756
0.5838664441614935,0.04491680866181697
0.5872846459793718,0.04493372610387414
0.5576820544757581,0.044950643545931306
0.5617222922927647,0.04496756098798847
0.6097122063546586,0.04498447843004569
0.56551408809894,0.045001395872102855
0.5622976187266802,0.04501831331416002
0.5301836958247736,0.04503523075621724
0.5545516316666854,0.045052148198274404
0.5366166237652026,0.04506906564033157
0.517051655344941,0.045085983082388786
0.536429956191999,0.04510290052444595
0.5547742006255962,0.04511981796650312
0.5212542817651254,0.04513673540856033
0.5047896767186342,0.0451536528506175
0.48564523176568497,0.04517057029267467
0.48566063416971966,0.04518748773473188
0.4985271388131317,0.045204405176789045
0.47054012368821596,0.04522132261884622
0.47530116042060455,0.04523824006090343
0.46484863083015127,0.045255157502960594
0.45475437697132626,0.04527207494501776
0.4963753537842449,0.045288992387074935
0.5016833199269626,0.04530590982913214
0.47986921892222195,0.04532282727118931
0.46824454248473196,0.04533974471324648
0.49401101255834223,0.04535666215530369
0.4710418684039126,0.04537357959736086
0.44631698948173604,0.045390497039418026
0.5010312813284309,0.04540741448147519
0.5118942394067694,0.04542433192353241
0.48577597015777024,0.045441249365589576
0.49969944376690223,0.04545816680764674
0.4900558651999079,0.04547508424970396
0.45285711777332965,0.045492001691761125
0.515579399205236,0.04550891913381829
0.546684298306297,0.04552583657587551
0.5487028387304868,0.045542754017932674
0.6213598749730369,0.04555967145998984
0.5959569316461389,0.045576588902047056
0.5803132376158003,0.04559350634410422
0.5564012126989177,0.04561042378616139
0.586098174005112,0.0456273412282186
0.5694227772946048,0.04564425867027577
0.5452147629256954,0.04566117611233294
0.5296218559261886,0.045678093554390106
0.5436294806096338,0.045695010996447315
0.5080842897966212,0.04571192843850449
0.5174377143919234,0.045728845880561655
0.48203231338975944,0.045745763322618864
0.4843747194156497,0.04576268076467603
0.4446222504413485,0.045779598206733205
0.42205551429083826,0.04579651564879037
0.4585754526733628,0.04581343309084758
0.4487185917758363,0.045830350532904754
0.415179901716186,0.04584726797496192
0.4285194046474087,0.04586418541701913
0.470389597986268,0.045881102859076296
0.473184139231147,0.04589802030113347
0.4623923247649683,0.04591493774319068
0.46484694644565694,0.045931855185247845
0.4720480264405832,0.04594877262730501
0.45296647915684585,0.04596569006936223
0.5308029037272406,0.045982607511419395
0.5217084571961937,0.04599952495347656
0.5245186555579804,0.04601644239553378
0.5461652054942053,0.046033359837590944
0.5126233696585021,0.04605027727964811
0.5122657417969005,0.04606719472170528
0.5368932485354819,0.04608411216376249
0.5101808547793133,0.04610102960581966
0.5005760502670846,0.04611794704787683
0.5154519448164815,0.04613486448993404
0.5205537493613335,0.04615178193199121
0.4980387243101575,0.046168699374048376
0.5215690137918455,0.04618561681610559
0.5358366371771226,0.04620253425816276
0.49514706743403514,0.046219451700219925
0.43873256097351904,0.04623636914227709
0.48550035675458425,0.04625328658433431
0.4391812850641594,0.046270204026391475
0.4649197713222015,0.04628712146844864
0.4805556977340308,0.04630403891050585
0.4850184913117669,0.046320956352563024
0.4663241084924525,0.04633787379462019
0.4593237003891616,0.0463547912366774
0.5114579289125561,0.046371708678734566
0.4701284956111241,0.04638862612079174
0.4793563279448929,0.04640554356284895
0.4623916401814606,0.046422461004906115
0.44743328327744697,0.04643937844696328
0.43658184834169944,0.0464562958890205
0.40518334967174213,0.046473213331077665
0.4373526252291845,0.04649013077313483
0.42329307015595813,0.046507048215192
0.46572147699878996,0.046523965657249214
0.4586943776821008,0.04654088309930638
0.41816767584601333,0.04655780054136355
0.433030607551887,0.04657471798342076
0.4370245236162777,0.04659163542547793
0.4380676009658524,0.0466085528675351
0.41224316425351687,0.046625470309592264
0.407362245855557,0.04664238775164948
0.38392185635394027,0.046659305193706646
0.41362984948973797,0.04667622263576381
0.3855877496689236,0.04669314007782103
0.37255365076777747,0.046710057519878195
0.3815672014007363,0.04672697496193536
0.4430557301719501,0.04674389240399258
0.4320074527326834,0.046760809846049745
0.4408490227749834,0.04677772728810691
0.46838157312797624,0.04679464473016412
0.4683371459382941,0.046811562172221294
0.44302806655074517,0.04682847961427846
0.4808232100765337,0.04684539705633567
0.4863474656709377,0.046862314498392836
0.46079475796765834,0.04687923194045001
0.49817597561317084,0.04689614938250718
0.5108131741939974,0.046913066824564385
0.5087563018368875,0.04692998426662155
0.5271014031066255,0.046946901708678726
0.5653825089370216,0.046963819150735935
0.5438447999982043,0.0469807365927931
0.5306871023200357,0.04699765403485027
0.5505838462847396,0.04701457147690744
0.5296586032023369,0.04703148891896465
0.5186659356204939,0.04704840636102182
0.5009669510720788,0.04706532380307899
0.5422477124689912,0.0470822412451362
0.5238155125426368,0.04709915868719337
0.6612269877471222,0.047116076129250534
0.6845441459876452,0.04713299357130775
0.6627491354355936,0.047149911013364916
0.6502422880657295,0.04716682845542208
0.6589171084982379,0.0471837458974793
0.6532587602315127,0.047200663339536465
0.6066040670536185,0.04721758078159363
0.5591045241087457,0.04723449822365085
0.5138316329741304,0.047251415665708014
0.503171422197328,0.04726833310776518
0.5059307162872203,0.04728525054982235
0.5120016411869723,0.047302167991879564
0.49887983806363734,0.04731908543393673
0.497168757974561,0.0473360028759939
0.550584775971934,0.04735292031805111
0.5058921438595174,0.04736983776010828
0.48632310725375166,0.04738675520216545
0.45549097972809593,0.047403672644222655
0.484208169124121,0.04742059008627983
0.5050114294223742,0.047437507528336996
0.47329005999030727,0.04745442497039416
0.4974058302455112,0.04747134241245137
0.5739483382076395,0.047488259854508545
0.548563784024745,0.04750517729656571
0.531483320920968,0.04752209473862292
0.522099559330387,0.04753901218068009
0.5065643706508025,0.04755592962273726
0.5010601992279327,0.04757284706479447
0.508472535202506,0.04758976450685164
0.48502850189972146,0.047606681948908804
0.47207525098457515,0.04762359939096602
0.4791989900599685,0.047640516833023186
0.5043635112389538,0.04765743427508035
0.45596362092849524,0.04767435171713757
0.4337532714109176,0.047691269159194735
0.4347489631255908,0.0477081866012519
0.47200408030195584,0.04772510404330907
0.4906982020429258,0.047742021485366284
0.4901773858778862,0.04775893892742345
0.5043899717897724,0.04777585636948062
0.464680999753519,0.047792773811537834
0.4463289501171463,0.047809691253595
0.4665469266495032,0.04782660869565217
0.4691520839946209,0.047843526137709334
0.4799404072774838,0.04786044357976655
0.4670429828177604,0.04787736102182372
0.49128499050225527,0.047894278463880884
0.4889930261714118,0.0479111959059381
0.4697986899648394,0.047928113347995266
0.4477101551559994,0.04794503079005243
0.46645868913868505,0.04796194823210964
0.47219098485739586,0.047978865674166815
0.5203241298773413,0.04799578311622398
0.5526293071252923,0.04801270055828119
0.5550618888650594,0.04802961800033836
0.5172058261803196,0.04804653544239553
0.5337041550772513,0.04806345288445274
0.5213820106901428,0.04808037032650991
0.4940675967627924,0.048097287768567074
0.4771286387200484,0.04811420521062425
0.47939857156716426,0.048131122652681456
0.5141321246754538,0.04814804009473862
0.5154376844510564,0.04816495753679579
0.5104298051154716,0.048181874978853005
0.5280761524801337,0.04819879242091017
0.5465643727592535,0.04821570986296734
0.5333282668441064,0.048232627305024506
0.5361366763949018,0.04824954474708172
0.5140563047122655,0.04826646218913889
0.5222950892600773,0.048283379631196055
0.5081005944373892,0.04830029707325327
0.5215823732664336,0.04831721451531044
0.5630994743387023,0.048334131957367604
0.5772340064271386,0.04835104939942482
0.5917007140337702,0.04836796684148199
0.5542671411847493,0.048384884283539153
0.5297668897799985,0.04840180172559637
0.51217460820614,0.048418719167653536
0.49372249396275447,0.0484356366097107
0.47705379368170875,0.04845255405176791
0.5138464350804073,0.048469471493825085
0.518774956806849,0.04848638893588225
0.47091832784362686,0.04850330637793946
0.4417678119941398,0.04852022381999663
0.4436566056572473,0.0485371412620538
0.41221890821163465,0.04855405870411097
0.4741750913787255,0.04857097614616818
0.4456746544781025,0.048587893588225343
0.4778732273056266,0.04860481103028252
0.4907084872781561,0.048621728472339726
0.48097410960668935,0.04863864591439689
0.49751513134379877,0.04865556335645407
0.5049877081786768,0.04867248079851123
0.5048623374680818,0.04868939824056844
0.49184372954210775,0.04870631568262561
0.5397734517466317,0.04872323312468278
0.5408171077260407,0.04874015056673999
0.5592898098380592,0.04875706800879716
0.5720205639005682,0.048773985450854325
0.6128999141217057,0.04879090289291154
0.5882118997860579,0.04880782033496871
0.5836014674416088,0.048824737777025874
0.568699222907297,0.04884165521908309
0.5476933098672805,0.04885857266114026
0.562728045530238,0.04887549010319742
0.541318379360134,0.04889240754525464
0.5138270497462707,0.048909324987311806
0.48072068811587954,0.04892624242936897
0.4628743264765141,0.04894315987142614
0.45265440612559305,0.048960077313483355
0.4355001745186233,0.04897699475554052
0.4247349856346435,0.04899391219759769
0.4217264996409088,0.049010829639654904
0.4552798546504712,0.04902774708171207
0.4507235210857182,0.04904466452376924
0.443266492821486,0.049061581965826405
0.4463151548208485,0.04907849940788362
0.4304991009951981,0.04909541684994079
0.5659985973931434,0.049112334291997954
0.560508357246485,0.04912925173405516
0.5470547153629992,0.049146169176112336
0.601200324223688,0.0491630866181695
0.5841634487519667,0.04918000406022671
0.6316674284466113,0.04919692150228388
0.5968462532622024,0.04921383894434105
0.5688009922395074,0.04923075638639826
0.5742104820163985,0.04924767382845543
0.5433844881655328,0.049264591270512595
0.5768539752484602,0.04928150871256981
0.5496967729664837,0.04929842615462698
0.4970505175381497,0.049315343596684144
0.5580190489601768,0.04933226103874131
0.5553238089809162,0.049349178480798526
0.5231923994167124,0.04936609592285569
0.5063797423635701,0.04938301336491286
0.4803543062523826,0.049399930806970076
0.5243874527228534,0.04941684824902724
0.5326804548273611,0.04943376569108441
0.5223461532410087,0.049450683133141625
0.4897226328703644,0.04946760057519879
0.49013580759786624,0.04948451801725596
0.46213088933963026,0.049501435459313126
0.44043850306144117,0.04951835290137034
0.48792513134853654,0.04953527034342751
0.4935088072043786,0.049552187785484675
0.48111483961917,0.04956910522754189
0.48791867900353303,0.04958602266959906
0.44233511414894766,0.049602940111656224
0.4566915871840263,0.04961985755371343
0.4858922197136517,0.049636774995770606
0.512577043669481,0.04965369243782777
0.5058287097589643,0.04967060987988498
0.519244135505078,0.04968752732194215
0.5056431778956396,0.04970444476399932
0.4637931973686968,0.04972136220605653
0.4690537942211751,0.0497382796481137
0.4800848279604057,0.049755197090170865
0.4943689158923419,0.04977211453222804
0.4512795310312106,0.04978903197428525
0.46056226699301356,0.049805949416342414
0.4740895573993425,0.04982286685839958
0.4601958111683449,0.049839784300456796
0.4282527697690265,0.04985670174251396
0.41515976648393765,0.04987361918457113
0.3965797282128612,0.049890536626628304
0.3877334600185617,0.04990745406868551
0.4251628164843928,0.04992437151074268
0.42797120963702295,0.049941288952799846
0.4424220884257134,0.04995820639485706
0.4331930013031623,0.04997512383691423
0.5332359339023321,0.049992041278971396
0.49011896572309255,0.05000895872102861
0.4471016408745251,0.05002587616308578
0.42897073282748877,0.050042793605142945
0.42227832757592537,0.05005971104720016
0.41542991823482783,0.05007662848925733
0.4009788022560141,0.050093545931314494
0.3905504811701983,0.0501104633733717
0.3851010814426589,0.050127380815428876
0.41522951246247675,0.05014429825748604
0.4536827550009568,0.05016121569954325
0.46150806313162485,0.050178133141600426
0.5150282364321187,0.05019505058365759
0.5269326433525432,0.05021196802571476
0.49764123082049283,0.05022888546777197
0.49415521240145044,0.05024580290982914
0.49882244996953073,0.05026272035188631
0.4910395914930349,0.050279637793943475
0.47116085486557047,0.050296555236000684
0.46243347205278046,0.05031347267805786
0.45201874357507044,0.050330390120115025
0.4445227669242654,0.05034730756217223
0.4623386849215535,0.0503642250042294
0.4560669532816337,0.050381142446286574
0.46209634116496456,0.05039805988834378
0.46919327395125876,0.05041497733040095
0.46167303456437314,0.050431894772458116
0.4378578113203981,0.05044881221451533
0.4954712070374281,0.0504657296565725
0.5849002700923753,0.050482647098629665
0.5221719822787343,0.05049956454068688
0.5217938249511003,0.05051648198274405
0.49625138443330763,0.050533399424801215
0.4613962253063507,0.05055031686685843
0.4269951109194428,0.0505672343089156
0.4274414101524091,0.050584151750972764
0.438787346623972,0.05060106919302993
0.43197548829923865,0.050617986635087146
0.4556512391043568,0.05063490407714431
0.4337164346752854,0.05065182151920148
0.4247346607349946,0.05066873896125865
0.3894575814408171,0.05068565640331586
0.37863085707045463,0.05070257384537303
0.4407624208133767,0.050719491287430196
0.4306257647833308,0.05073640872948741
0.479939924284703,0.05075332617154458
0.5143929732679419,0.050770243613601745
0.5234093437861675,0.050787161055658954
0.5608653362807651,0.05080407849771613
0.5351569899890438,0.050820995939773295
0.5320764739492428,0.0508379133818305
0.5202383783800516,0.05085483082388767
0.4851168344293526,0.050871748265944844
0.45928083855903085,0.05088866570800205
0.43963275352315856,0.05090558315005922
0.43467379410423246,0.050922500592116386
0.4442260746110075,0.0509394180341736
0.4450274971285338,0.05095633547623077
0.5349490139610669,0.050973252918287935
0.5076708272081296,0.05099017036034515
0.5561699926838621,0.05100708780240232
0.6009487318980968,0.051024005244459485
0.5968436088552695,0.05104092268651665
0.563839537810534,0.05105784012857382
0.5646579368203877,0.051074757570631034
0.6104354940485953,0.0510916750126882
0.5892700857028961,0.05110859245474537
0.5713123803222656,0.05112550989680258
0.5462916652269745,0.05114242733885975
0.5142939813858337,0.05115934478091692
0.5500367027859742,0.05117626222297413
0.5268268857273145,0.0511931796650313
0.5368581274249302,0.051210097107088466
0.5230638690072813,0.05122701454914568
0.5815810447755272,0.05124393199120285
0.5819442658283563,0.051260849433260015
0.5450622688657643,0.051277766875317224
0.5327171703916074,0.0512946843173744
0.5229736463817979,0.051311601759431565
0.5258355535342714,0.05132851920148877
0.5173773664056794,0.05134543664354594
0.4980092086648573,0.051362354085603114
0.48306725329205435,0.05137927152766032
0.48501274709737335,0.05139618896971749
0.4696389911559108,0.05141310641177466
0.44653866513465906,0.05143002385383183
0.503533846727173,0.05144694129588904
0.665927987568506,0.051463858737946205
0.6408877819958754,0.05148077618000338
0.6187231421616417,0.051497693622060546
0.6186291599390302,0.051514611064117755
0.6264207382295446,0.05153152850617492
0.6182104722097649,0.051548445948232095
0.6034496248114216,0.051565363390289304
0.6034186697282877,0.05158228083234647
0.5802335672599862,0.05159919827440364
0.5810761160073908,0.05161611571646085
0.5648294334744003,0.05163303315851802
0.5529578284529516,0.05164995060057519
0.520258590071016,0.0516668680426324
0.5128184254873701,0.05168378548468957
0.48144685593516895,0.051700702926746736
0.45669573638654765,0.05171762036880395
0.4658322818582616,0.05173453781086112
0.684615507722327,0.051751455252918285
0.7852737069133353,0.0517683726949755
0.7064213562014446,0.05178529013703267
0.6696584668161668,0.051802207579089835
0.6311684367181618,0.051819125021147
0.6208290908433405,0.05183604246320422
0.6046816351967976,0.051852959905261384
0.5974784686531962,0.05186987734731855
0.5613326107952071,0.05188679478937572
0.5316416244103966,0.05190371223143293
0.5643580254232453,0.0519206296734901
0.5023585376195563,0.05193754711554727
0.46466293073117365,0.051954464557604475
0.459499811223504,0.05197138199966165
0.4094009290864921,0.051988299441718816
0.40378613199638186,0.052005216883776025
0.39420754453219464,0.05202213432583319
0.44214984767180676,0.052039051767890365
0.40063635700974465,0.052055969209947574
0.5451023435118485,0.05207288665200474
0.5507923965074768,0.05208980409406191
0.5122755769426147,0.05210672153611912
0.5089539828725275,0.05212363897817629
0.5388320996624324,0.05214055642023346
0.5042706441292837,0.05215747386229067
0.5148582944400847,0.05217439130434784
0.5052242846590471,0.052191308746405006
0.4827043629727516,0.05220822618846222
0.4974354916446808,0.05222514363051939
0.4900745899385932,0.052242061072576555
0.46473506696277644,0.05225897851463372
0.48834200387997456,0.05227589595669089
0.5012055888637148,0.052292813398748104
0.4801365697275991,0.05230973084080527
0.46911093901724776,0.05232664828286244
0.4966256881644818,0.052343565724919654
0.4807842524759367,0.05236048316697682
0.5046363355249084,0.05237740060903399
0.47081775319814023,0.0523943180510912
0.4597637899894662,0.05241123549314837
0.42992037718925064,0.05242815293520554
0.45662620214965494,0.052445070377262745
0.4486261808740819,0.05246198781931992
0.4413158519162913,0.052478905261377086
0.43555247768514793,0.052495822703434294
0.455612921593614,0.05251274014549146
0.41317950298629413,0.052529657587548635
0.4147780486761905,0.052546575029605844
0.4223075170373422,0.05256349247166301
0.463330790126761,0.05258040991372018
0.4444818852142018,0.05259732735577739
0.43681413394574503,0.05261424479783456
0.4755141771822308,0.05263116223989173
0.4945009141754417,0.052648079681948894
0.46812784787744743,0.05266499712400611
0.47627605292582886,0.052681914566063276
0.4870903475553543,0.05269883200812044
0.4661538766599298,0.05271574945017762
0.5302948130589009,0.052732666892234825
0.5090008853611375,0.05274958433429199
0.4855188929030916,0.05276650177634916
0.47032813254909683,0.052783419218406374
0.4404931984259047,0.05280033666046354
0.4095513957272655,0.05281725410252071
0.4140055348500162,0.052834171544577924
0.4008725778281331,0.05285108898663509
0.41238220699784284,0.05286800642869226
0.42738664085195166,0.05288492387074947
0.45660779424131476,0.05290184131280664
0.44625037747717355,0.05291875875486381
0.43044839372711546,0.052935676196921015
0.4222527887064391,0.05295259363897819
0.42189659441615535,0.052969511081035356
0.3939259490577809,0.052986428523092564
0.41995433499085366,0.05300334596514974
0.4054984611643748,0.053020263407206905
0.3919927785693325,0.05303718084926407
0.5567347772835666,0.05305409829132128
0.528991603288569,0.053071015733378454
0.48173621371071973,0.05308793317543562
0.4975219494079069,0.05310485061749279
0.4946178834418071,0.05312176805955
0.4929070862753879,0.05313868550160717
0.50085517904152,0.05315560294366434
0.4899566661595466,0.053172520385721546
0.4765018674754431,0.05318943782777871
0.49523408436960625,0.05320635526983589
0.4843734004035524,0.053223272711893095
0.4736601251709407,0.05324019015395026
0.4672414293565707,0.05325710759600743
0.4644304101211514,0.053274025038064644
0.42836022055488315,0.05329094248012181
0.491858253290983,0.05330785992217898
0.45327968153216996,0.053324777364236194
0.457317930482694,0.05334169480629336
0.5369059181395122,0.05335861224835053
0.535191932215925,0.05337552969040774
0.568348915493199,0.05339244713246491
0.5595283517167637,0.05340936457452208
0.514805526250654,0.05342628201657929
0.5113032704306074,0.05344319945863646
0.5057970480690344,0.053460116900693626
0.499301562434033,0.05347703434275079
0.5169659811064367,0.05349395178480801
0.5051213767373375,0.053510869226865175
0.47825517386148864,0.05352778666892234
0.4435148527618289,0.05354470411097951
0.5077799074169826,0.053561621553036724
0.49252330361341096,0.05357853899509389
0.468745397317685,0.05359545643715106
0.46467019461653813,0.05361237387920827
0.47293151492327207,0.05362929132126544
0.44566586871504593,0.05364620876332261
0.4827853819494232,0.053663126205379816
0.4570975546649921,0.05368004364743698
0.4524275258868399,0.053696961089494157
0.4200129724096825,0.053713878531551365
0.415270894094433,0.05373079597360853
0.42442800944974074,0.0537477134156657
0.47379962878171644,0.053764630857722914
0.4730901700396859,0.05378154829978008
0.4842319593540449,0.05379846574183725
0.44975452667169724,0.053815383183894464
0.487798277900163,0.05383230062595163
0.4794645105723887,0.0538492180680088
0.43294699648414847,0.053866135510065964
0.4111334157736683,0.05388305295212318
0.4259114502073593,0.053899970394180347
0.41535012230883184,0.05391688783623751
0.4154204531956525,0.05393380527829468
0.41783398027807966,0.053950722720351896
0.41899963923764627,0.05396764016240906
0.4103557980733904,0.05398455760446623
0.39441511564873005,0.054001475046523445
0.456364898152529,0.05401839248858061
0.4587615953027239,0.05403530993063778
0.47283802637569355,0.054052227372694994
0.5076369381675104,0.05406914481475216
0.4999348669631466,0.05408606225680933
0.5041191577421177,0.054102979698866537
0.481564074715499,0.05411989714092371
0.516133797137359,0.05413681458298088
0.5001205301033809,0.054153732025038086
0.5589487747945272,0.05417064946709525
0.545379254944951,0.054187566909152426
0.5591402679505592,0.054204484351209635
0.5912804746486858,0.0542214017932668
0.5821409220582736,0.054238319235323976
0.5560376640229617,0.054255236677381184
0.5226911124443367,0.05427215411943835
0.5027902278785193,0.05428907156149552
0.46165612367664055,0.05430598900355269
0.4363690080473763,0.05432290644560986
0.4279515852316175,0.05433982388766707
0.4211581734644536,0.054356741329724234
0.41812980276959455,0.05437365877178141
0.38670125685228757,0.054390576213838616
0.47317694490825224,0.05440749365589578
0.49398522667626615,0.05442441109795295
0.4424581694010105,0.054441328540010166
0.4248652472021744,0.05445824598206733
0.40299486628552794,0.0544751634241245
0.3860419115335188,0.054492080866181715
0.530997015707528,0.05450899830823888
0.515712803739576,0.05452591575029605
0.5169361997749555,0.054542833192353264
0.48262126597612287,0.05455975063441043
0.5329423058259423,0.0545766680764676
0.5307887044134089,0.05459358551852481
0.539996194567867,0.05461050296058198
0.5339305660935941,0.05462742040263915
0.5568215339829686,0.054644337844696356
0.5451008688966563,0.05466125528675353
0.5513596186288302,0.054678172728810696
0.525849797268558,0.05469509017086786
0.5163204077401546,0.05471200761292507
0.518559789937241,0.054728925054982246
0.5489851643892154,0.05474584249703941
0.553576621234578,0.05476275993909658
0.5693832062245704,0.05477967738115379
0.525172986393078,0.05479659482321096
0.5443493428269257,0.05481351226526813
0.5189906777889912,0.05483042970732534
0.483938697731605,0.054847347149382504
0.45600480735787624,0.05486426459143968
0.4384767603913059,0.054881182033496886
0.523885003093013,0.05489809947555405
0.4949566593671869,0.05491501691761122
0.5569740312023983,0.054931934359668436
0.5155183912693679,0.0549488518017256
0.49193036686414243,0.05496576924378277
0.5043691049499016,0.054982686685839985
0.5273166855559906,0.05499960412789715
0.5057181446064442,0.05501652156995432
0.4872223459330344,0.055033439012011534
0.4591302770493145,0.0550503564540687
0.4842294850442978,0.05506727389612587
0.5440080601767041,0.055084191338183035
0.4921179762518675,0.05510110878024025
0.5391959230928637,0.05511802622229742
0.5595092758201772,0.055134943664354584
0.5621831524104448,0.05515186110641175
0.5698357190871693,0.055168778548468966
0.561033615762747,0.05518569599052613
0.579860003228789,0.0552026134325833
0.553243668028359,0.055219530874640516
0.5656610736438786,0.05523644831669768
0.5498653359563475,0.05525336575875485
0.5261520749212364,0.05527028320081206
0.5036059503460772,0.05528720064286923
0.5352972415848453,0.0553041180849264
0.5045996282707754,0.05532103552698361
0.49123539719669845,0.055337952969040774
0.49255815103601475,0.05535487041109795
0.47114112341365066,0.055371787853155156
0.4775836178776491,0.05538870529521232
0.4906090147588148,0.05540562273726949
0.5036496239736473,0.055422540179326706
0.4571789040434199,0.05543945762138387
0.4836885916604866,0.05545637506344104
0.4805437316429034,0.055473292505498255
0.4956855289086831,0.05549020994755542
0.5166785925185786,0.05550712738961259
0.5326093124990549,0.055524044831669755
0.5063712646678993,0.05554096227372693
0.505342332531286,0.05555787971578414
0.5156773074541671,0.055574797157841305
0.49627638213429315,0.05559171459989847
0.47498897594287764,0.05560863204195569
0.44504531726896585,0.055625549484012854
0.42034717405366756,0.05564246692607002
0.4373955528301228,0.055659384368127236
0.46955494486190713,0.0556763018101844
0.47086533230859307,0.05569321925224157
0.4246080940748713,0.055710136694298786
0.45970078514301477,0.05572705413635595
0.4474583383900619,0.05574397157841312
0.4654056403241711,0.055760889020470335
0.4635955848854508,0.0557778064625275
0.4896151311049244,0.05579472390458467
0.4943283825595682,0.05581164134664188
0.47698624368345777,0.05582855878869905
0.48468466946153677,0.05584547623075622
0.4438661285135654,0.055862393672813426
0.456003733308594,0.05587931111487059
0.4676979365599001,0.05589622855692777
0.44036126992319785,0.055913145998984934
0.43089403002432797,0.05593006344104214
0.47137678693907914,0.05594698088309931
0.4930723629886108,0.05596389832515648
0.4824333089585461,0.05598081576721365
0.4970974006649143,0.05599773320927086
0.5499005658146768,0.056014650651328025
0.5678422127339864,0.0560315680933852
0.5497947970369358,0.05604848553544241
0.5657312305242935,0.056065402977499575
0.5447158600068982,0.05608232041955674
0.5177739568691966,0.05609923786161396
0.524247313192806,0.056116155303671124
0.5020560102870635,0.05613307274572829
0.5498728694288391,0.056149990187785506
0.5183794154142107,0.05616690762984267
0.5235528670481655,0.05618382507189984
0.49892789902145174,0.056200742513957055
0.5433495345263045,0.05621765995601422
0.5358417513011584,0.05623457739807139
0.5318235661219509,0.056251494840128605
0.5159851833685996,0.05626841228218577
0.52339251633523,0.05628532972424294
0.49665998455713667,0.056302247166300105
0.46577680537565935,0.05631916460835732
0.43218281014334675,0.05633608205041449
0.48023413931188197,0.056352999492471655
0.473590165892102,0.05636991693452882
0.44645472210157533,0.05638683437658604
0.41125592264738575,0.056403751818643204
0.41730530598328036,0.05642066926070037
0.4442387345517916,0.05643758670275758
0.43163876915655475,0.05645450414481475
0.4438361043507413,0.05647142158687192
0.5094554992337669,0.05648833902892913
0.48564246668971733,0.056505256470986295
0.5032243519986245,0.05652217391304347
0.4719618749590376,0.05653909135510068
0.5269688043571837,0.056556008797157845
0.49133538393794124,0.05657292623921501
0.47099543761109214,0.05658984368127223
0.5066045018108281,0.056606761123329394
0.4944243206240012,0.05662367856538656
0.4707349776154577,0.056640596007443776
0.47971084824608323,0.05665751344950094
0.4605897256645088,0.05667443089155811
0.45430512141486207,0.056691348333615325
0.45175802239815555,0.05670826577567249
0.4498010180714938,0.05672518321772966
0.43930560170199184,0.056742100659786826
0.4081179723627227,0.05675901810184404
0.4333177507310595,0.05677593554390121
0.41999205353971214,0.056792852985958375
0.4323928725967081,0.05680977042801554
0.5036518869598128,0.05682668787007276
0.4987783966699773,0.056843605312129925
0.4806731353791185,0.05686052275418709
0.49652276123298233,0.05687744019624431
0.5105506355343901,0.056894357638301474
0.5214564223908299,0.05691127508035864
0.5283055082816215,0.05692819252241585
0.5248795927253034,0.05694510996447302
0.5465675259182188,0.05696202740653019
0.5386215777833726,0.0569789448485874
0.5245319987646315,0.056995862290644565
0.6124651380627611,0.05701277973270174
0.5683213133215316,0.05702969717475895
0.5258275714396959,0.057046614616816115
0.5077452001475911,0.05706353205887329
0.5559333393974002,0.0570804495009305
0.52958651026113,0.057097366942987664
0.5269630085629079,0.05711428438504483
0.5361127838454129,0.057131201827102004
0.5162217247455504,0.05714811926915921
0.48124535703414173,0.05716503671121638
0.4779751266936739,0.05718195415327355
0.4443768891414229,0.05719887159533072
0.4224638488070348,0.05721578903738793
0.3990359422505839,0.057232706479445096
0.43794319366939416,0.05724962392150226
0.4962233212433462,0.05726654136355948
0.5017719552391533,0.057283458805616645
0.5024968970198445,0.05730037624767381
0.5102336755100101,0.05731729368973103
0.5188932578327823,0.057334211131788194
0.4903165706445828,0.05735112857384536
0.4886524743596756,0.05736804601590258
0.523609118998849,0.057384963457959744
0.5446225304133125,0.05740188090001691
0.5160213986020429,0.057418798342074126
0.4949038846477781,0.05743571578413129
0.4753403423774175,0.05745263322618846
0.4649195538797325,0.05746955066824567
0.4456417275936084,0.05748646811030284
0.45245631444221157,0.05750338555236001
0.43873471345715065,0.05752030299441722
0.4344209696945535,0.057537220436474384
0.45636930196261305,0.05755413787853156
0.49494766496639175,0.057571055320588725
0.4742293064039606,0.05758797276264589
0.4362577024492946,0.0576048902047031
0.47372020271566134,0.057621807646760274
0.4237239230644435,0.05763872508881744
0.4871498122987533,0.05765564253087465
0.45720762015798766,0.05767255997293182
0.4895370006674058,0.05768947741498899
0.5327546954245191,0.0577063948570462
0.5117721009326635,0.057723312299103366
0.5382573761997745,0.05774022974116053
0.5765225536392631,0.05775714718321775
0.5707548576010467,0.057774064625274915
0.5623642100821497,0.05779098206733208
0.5489547347172548,0.0578078995093893
0.5267206148421327,0.057824816951446464
0.49020130762382824,0.05784173439350363
0.48494309647023265,0.05785865183556085
0.48044813047361046,0.057875569277618014
0.45462266501197557,0.05789248671967518
0.43294529435165197,0.057909404161732396
0.42702063772779686,0.05792632160378956
0.3961935925777911,0.05794323904584673
0.4140141179796981,0.0579601564879039
0.42468668982481383,0.05797707392996111
0.4118010975130036,0.05799399137201828
0.4010603827005732,0.058010908814075446
0.4361946782879915,0.05802782625613261
0.4247701328128884,0.05804474369818983
0.44704425423386174,0.058061661140246995
0.4591700322551925,0.05807857858230416
0.43806388077127134,0.05809549602436137
0.4418987560032781,0.058112413466418544
0.491289800624766,0.05812933090847571
0.45082839029687094,0.05814624835053292
0.43424577870096726,0.05816316579259009
0.428887795274464,0.05818008323464726
0.4548920002500278,0.05819700067670447
0.5259594843324076,0.058213918118761636
0.49767515067545975,0.0582308355608188
0.5060444474561088,0.05824775300287602
0.5335422277723211,0.058264670444933185
0.48364457847869063,0.05828158788699035
0.47856728722409936,0.05829850532904757
0.5032892107149485,0.058315422771104734
0.48334849112673783,0.0583323402131619
0.46356163210427115,0.05834925765521907
0.454633575969977,0.058366175097276284
0.44084237598899434,0.05838309253933345
0.4335920876941954,0.05840000998139062
0.4694835835045079,0.058416927423447784
0.4543781275229057,0.058433844865505
0.46602647262226743,0.05845076230756217
0.4614535292578634,0.05846767974961933
0.4450457470093486,0.05848459719167655
0.4571721733788107,0.058501514633733716
0.49079247960881034,0.05851843207579088
0.5335820885454468,0.0585353495178481
0.5103348948124926,0.058552266959905265
0.49524443209678976,0.05856918440196243
0.5150326757471645,0.05858610184401965
0.5411537622484275,0.058603019286076814
0.5956113008715874,0.05861993672813398
0.5884344790822797,0.05863685417019119
0.5587402335362859,0.058653771612248363
0.5334707479919774,0.05867068905430553
0.5204012796279416,0.05868760649636274
0.4989764058587254,0.058704523938419906
0.53660902690866,0.05872144138047708
0.5515627289770317,0.05873835882253429
0.5478442927168427,0.058755276264591455
0.5185049192084168,0.05877219370664862
0.5255769742308691,0.058789111148705796
0.47018422705162644,0.05880602859076296
0.4585611325282183,0.05882294603282017
0.45353742454674456,0.05883986347487734
0.5634519737102717,0.05885678091693451
0.5527354583055282,0.05887369835899172
0.5104313993382855,0.05889061580104889
0.5109346313419664,0.058907533243106054
0.4802533946945448,0.05892445068516327
0.49039178788774646,0.058941368127220437
0.4907040750989392,0.0589582855692776
0.49358693409038185,0.05897520301133482
0.46132061400471214,0.058992120453391986
0.42649462635086444,0.05900903789544915
0.4172391280712006,0.05902595533750637
0.4817776072169398,0.059042872779563535
0.4835549881573562,0.0590597902216207
0.4747048132034973,0.05907670766367792
0.4449036508729327,0.059093625105735084
0.527502079004468,0.05911054254779225
0.5341850790933144,0.05912745998984946
0.5468445876086054,0.05914437743190663
0.5236689991827248,0.0591612948739638
0.49272465285264955,0.05917821231602097
0.4537706997124633,0.059195129758078176
0.4375049611829345,0.05921204720013535
0.4563217394274573,0.059228964642192516
0.502868623155125,0.05924588208424968
0.4970044021747653,0.05926279952630689
0.5016003588789419,0.059279716968364066
0.5069123538298381,0.05929663441042123
0.4773538734088717,0.05931355185247844
0.5341687222775124,0.05933046929453561
0.5241248743101996,0.05934738673659278
0.49266228567481374,0.05936430417864999
0.4682588318262127,0.05938122162070716
0.4792246968963645,0.059398139062764324
0.48554623138260067,0.05941505650482154
0.5423612357088028,0.059431973946878706
0.48508026487891664,0.05944889138893587
0.4974578323941612,0.05946580883099309
0.4971251192077942,0.059482726273050256
0.48780009169458927,0.05949964371510742
0.5059865118589368,0.05951656115716464
0.5382186890861484,0.059533478599221805
0.5300076998250558,0.05955039604127897
0.49752361353054636,0.05956731348333614
0.46410036703598495,0.059584230925393354
0.4428953458519936,0.05960114836745052
0.43284513391273505,0.05961806580950769
0.4066925135232392,0.059634983251564855
0.4039484450799134,0.05965190069362207
0.39254853443955634,0.05966881813567924
0.3762458289993227,0.059685735577736404
0.4585635443792677,0.05970265301979362
0.4365565304172783,0.059719570461850786
0.46874909196001285,0.05973648790390795
0.4469203479584217,0.05975340534596516
0.5092141968008805,0.059770322788022336
0.5558397445676271,0.0597872402300795
0.5498296239850954,0.05980415767213671
0.5803237969778408,0.05982107511419388
0.5414645226877871,0.05983799255625105
0.5536095978484108,0.05985490999830826
0.5237359668148005,0.05987182744036543
0.5006229015455599,0.0598887448824226
0.49631039160616836,0.05990566232447981
0.48031714644533513,0.059922579766536976
0.5599891073425779,0.05993949720859414
0.5417954843775566,0.05995641465065136
0.5111205932725379,0.059973332092708526
0.5067279086294897,0.05999024953476569
0.5189693487312895,0.06000716697682286
0.4890127831003271,0.060024084418880075
0.49398904270340627,0.06004100186093724
0.48478993158666,0.06005791930299441
0.5113244365145978,0.060074836745051576
0.5069527574769828,0.06009175418710879
0.4647387880795934,0.06010867162916596
0.4340904429526121,0.060125589071223125
0.4382432222343279,0.06014250651328034
0.45024606346899615,0.06015942395533751
0.432669184683278,0.060176341397394674
0.45189302530170666,0.06019325883945189
0.43698142263318057,0.060210176281509056
0.452143691325386,0.06022709372356622
0.45599674570099485,0.06024401116562344
0.4270582090817767,0.060260928607680606
0.42088898746195463,0.06027784604973777
0.46745316766121414,0.06029476349179498
0.4702368027561381,0.060311680933852155
0.4507607179159701,0.06032859837590932
0.43146181363064295,0.06034551581796653
0.4352750202671548,0.0603624332600237
0.4049855487073152,0.06037935070208087
0.4249985111971449,0.06039626814413804
0.4396706257835826,0.060413185586195246
0.4366233793557327,0.06043010302825241
0.45173398237710327,0.06044702047030959
0.413812033981364,0.060463937912366754
0.3984426141979544,0.06048085535442396
0.3756942535402178,0.06049777279648113
0.4007917352487087,0.0605146902385383
0.3984770363942337,0.06053160768059551
0.4284922747910462,0.06054852512265268
0.4099100326776856,0.060565442564709845
0.42224581998827887,0.06058236000676706
0.44110285411074035,0.06059927744882423
0.449137728768939,0.060616194890881395
0.43901185103921436,0.06063311233293861
0.45037896163200014,0.06065002977499578
0.41050649266985795,0.060666947217052944
0.3877909944975197,0.06068386465911016
0.43129130733202453,0.060700782101167326
0.416121133424366,0.06071769954322449
0.4299248403370576,0.06073461698528171
0.4483570413637318,0.060751534427338875
0.4543987537899143,0.06076845186939604
0.4433800777179819,0.06078536931145325
0.41811908287865496,0.060802286753510425
0.41389161549458964,0.06081920419556759
0.41276336473186864,0.06083612163762476
0.42578002819983213,0.060853039079681925
0.41488931186650635,0.06086995652173914
0.38002541846159654,0.06088687396379631
0.3532074376831338,0.060903791405853475
0.3834293234260786,0.06092070884791068
0.41852562808290394,0.06093762628996786
0.40885503835118037,0.060954543732025024
0.4136918206742305,0.06097146117408223
0.47288961567329557,0.0609883786161394
0.5112238634256299,0.06100529605819657
0.47767743735534157,0.06102221350025378
0.48056062673745326,0.06103913094231095
0.4660364239630522,0.061056048384368115
0.5614406585071423,0.06107296582642533
0.6505350923040659,0.0610898832684825
0.6379563216765047,0.061106800710539665
0.6309933785120108,0.06112371815259688
0.6723622539456254,0.06114063559465405
0.6557929999681764,0.061157553036711214
0.6230305760743184,0.06117447047876843
0.6475341939641606,0.061191387920825596
0.6220722336541471,0.06120830536288276
0.6163098803338096,0.06122522280493993
0.6312430017134893,0.061242140246997145
0.6046978265397827,0.06125905768905431
0.5527610802931054,0.06127597513111148
0.5083534617648493,0.061292892573168646
0.5184178153217611,0.06130981001522586
0.5159158428145073,0.06132672745728303
0.4813755289421576,0.061343644899340195
0.4673079658115783,0.06136056234139741
0.5051930036993726,0.06137747978345458
0.5122652718903148,0.061394397225511745
0.4789436931992788,0.06141131466756896
0.4761622210808769,0.06142823210962613
0.4998927204186261,0.061445149551683294
0.47262831436590674,0.0614620669937405
0.5140528592029916,0.061478984435797676
0.5337347080357637,0.06149590187785484
0.5167269937235329,0.06151281931991205
0.5002007788052729,0.06152973676196922
0.5221838478748457,0.06154665420402639
0.5053142408136095,0.0615635716460836
0.5066822131159756,0.06158048908814077
0.4949455825235728,0.061597406530197935
0.47143512111872704,0.06161432397225511
0.46591722879386166,0.06163124141431232
0.44522975614528837,0.061648158856369484
0.4360858756769576,0.06166507629842665
0.4339602079764111,0.061681993740483824
0.4592844435989939,0.06169891118254103
0.4527381213045186,0.0617158286245982
0.4388106704978996,0.06173274606665537
0.41267860064735845,0.06174966350871258
0.4441693912333714,0.06176658095076975
0.4824977310805692,0.061783498392826916
0.469067127888137,0.06180041583488413
0.47302051892656793,0.0618173332769413
0.4581279417735633,0.061834250718998465
0.4255353956113098,0.06185116816105568
0.45664992322046266,0.06186808560311285
0.47069488278642263,0.061885003045170014
0.565943776064038,0.06190192048722723
0.5258726584855078,0.0619188379292844
0.5178361680462645,0.061935755371341564
0.53310189218161,0.06195267281339877
0.5028960332937041,0.061969590255455946
0.49369947915609674,0.06198650769751311
0.4840772057003657,0.06200342513957032
0.4698559863906606,0.06202034258162749
0.44869160044523115,0.06203726002368466
0.47949044218327236,0.06205417746574183
0.46510071007939685,0.062071094907798996
0.45831777213837716,0.062088012349856204
0.45715267108937907,0.06210492979191338
0.4570209375783667,0.062121847233970545
0.4961716883790386,0.062138764676027754
0.49067036933993435,0.06215568211808492
0.48768186670378955,0.062172599560142094
0.512985027645716,0.0621895170021993
0.5324151689328265,0.06220643444425647
0.4890822489672909,0.06222335188631364
0.4954646483750351,0.06224026932837085
0.5078852260662086,0.06225718677042802
0.49713858441932735,0.062274104212485186
0.45713888586698964,0.0622910216545424
0.4585466899962346,0.06230793909659957
0.4524135644031462,0.062324856538656735
0.45914985972983813,0.06234177398071395
0.4691398798493002,0.06235869142277112
0.5053368972990874,0.062375608864828284
0.5040711118582061,0.0623925263068855
0.47667805781389644,0.06240944374894267
0.505648826999866,0.062426361190999834
0.4987009866582577,0.062443278633057
0.5090471349992136,0.062460196075114216
0.49320787730517235,0.06247711351717138
0.4788622899270236,0.06249403095922855
0.44682233082582,0.06251094840128572
0.43765032925072866,0.06252786584334293
0.45459067136338205,0.0625447832854001
0.4655701940082777,0.06256170072745726
0.4479770998019591,0.06257861816951447
0.4426005693164361,0.06259553561157165
0.4715328027317439,0.06261245305362881
0.4553477135904244,0.06262937049568602
0.48692550401748114,0.0626462879377432
0.46217256101656673,0.06266320537980036
0.4615728919719753,0.06268012282185757
0.4923589996508835,0.06269704026391475
0.4793972986548804,0.0627139577059719
0.45444092890498344,0.06273087514802912
0.45367819659612424,0.0627477925900863
0.4847328590766736,0.06276471003214346
0.4735196294320542,0.06278162747420067
0.48249571815593395,0.06279854491625785
0.503834003571378,0.062815462358315
0.49514666347798253,0.06283237980037218
0.5098441731857979,0.06284929724242938
0.4999937746467371,0.06286621468448655
0.48106476335065995,0.06288313212654373
0.45734358166327027,0.06290004956860089
0.4293666210545695,0.0629169670106581
0.4247663161574679,0.06293388445271528
0.42439498237124107,0.06295080189477244
0.42963724320213814,0.06296771933682965
0.47868949560388585,0.06298463677888681
0.4834183008517,0.06300155422094399
0.4571107746001223,0.0630184716630012
0.4954648471543105,0.06303538910505836
0.4735677366788317,0.06305230654711554
0.42719051939925584,0.06306922398917275
0.4331546660477403,0.06308614143122991
0.4393869826169398,0.06310305887328709
0.4337111921287844,0.0631199763153443
0.439145975206476,0.06313689375740146
0.42072418363426656,0.06315381119945863
0.4427991988780859,0.06317072864151585
0.44468291660330794,0.06318764608357301
0.4561369582826464,0.06320456352563018
0.4731126081796144,0.0632214809676874
0.4488114616752986,0.06323839840974456
0.5555854361439804,0.06325531585180173
0.5627101835556872,0.06327223329385889
0.6021745107132632,0.06328915073591611
0.6241563122716299,0.06330606817797328
0.6006667384502691,0.06332298562003044
0.6043633038995586,0.06333990306208762
0.5763654740808744,0.06335682050414483
0.5367257620619407,0.06337373794620199
0.5230108996809857,0.06339065538825917
0.4847770909930338,0.06340757283031637
0.44414141022881426,0.06342449027237354
0.4469497858978952,0.06344140771443071
0.472946290929925,0.06345832515648792
0.46473977347994777,0.06347524259854509
0.46319778268166334,0.06349216004060226
0.5104994178186095,0.06350907748265947
0.6021067142780809,0.06352599492471664
0.5870511603590798,0.06354291236677381
0.524957579154726,0.06355982980883101
0.46757013243751216,0.06357674725088819
0.4268530300642371,0.06359366469294535
0.40027099779330255,0.06361058213500256
0.4071042711026078,0.06362749957705974
0.39549659089140937,0.0636444170191169
0.4256145588230518,0.06366133446117407
0.3909903770026706,0.06367825190323129
0.3911141876647586,0.06369516934528845
0.363393674236116,0.06371208678734562
0.37717369392838257,0.06372900422940278
0.35682258761188335,0.06374592167146
0.3712487459680315,0.06376283911351717
0.38190521125005694,0.06377975655557433
0.5624268637021941,0.06379667399763155
0.5195030856864105,0.06381359143968872
0.4835977128137311,0.06383050888174588
0.4557912247172325,0.0638474263238031
0.47545433416297667,0.06386434376586027
0.4338068038171978,0.06388126120791743
0.44048304915002595,0.06389817864997464
0.4246530716385175,0.06391509609203182
0.4023172525378648,0.06393201353408898
0.4054599199940828,0.06394893097614619
0.3791026845971797,0.06396584841820337
0.36918082240423,0.06398276586026053
0.401362712408705,0.06399968330231774
0.39858697273381827,0.0640166007443749
0.4191675179644289,0.06403351818643208
0.3972507113968422,0.06405043562848929
0.5215684171323054,0.06406735307054645
0.47033057179483356,0.06408427051260362
0.47202000472094685,0.0641011879546608
0.4919593608629392,0.06411810539671796
0.4908395807943095,0.06413502283877517
0.5080400189559737,0.06415194028083233
0.4601709728082879,0.06416885772288951
0.5035100010745417,0.06418577516494672
0.5087533853620443,0.06420269260700388
0.5026296823954705,0.06421961004906106
0.47907387016106634,0.06423652749111827
0.46549816368332697,0.06425344493317543
0.45571283053009665,0.0642703623752326
0.4207279189479268,0.06428727981728982
0.4467236959180766,0.06430419725934698
0.47889882033996056,0.06432111470140416
0.4616212642664295,0.06433803214346137
0.5337558346171842,0.06435494958551853
0.507254585200919,0.0643718670275757
0.517443394322692,0.06438878446963292
0.6080759451067438,0.06440570191169008
0.5893566835145942,0.06442261935374725
0.5864598694023127,0.06443953679580446
0.5763761474749751,0.06445645423786163
0.5630780040471798,0.0644733716799188
0.5571331643461422,0.06449028912197596
0.5595377535342563,0.06450720656403318
0.5159892976855747,0.06452412400609035
0.48426339750095304,0.06454104144814751
0.45525950769268747,0.06455795889020469
0.43156856163091084,0.06457487633226189
0.43164049278693695,0.06459179377431906
0.39809523376621647,0.06460871121637624
0.3919061649068025,0.06462562865843344
0.4138395729242824,0.06464254610049061
0.49751148959629243,0.06465946354254778
0.5363671528548599,0.06467638098460499
0.5439883388877393,0.06469329842666216
0.48708855452541366,0.06471021586871933
0.467311669130356,0.06472713331077654
0.47377226053812577,0.06474405075283371
0.4570513570240218,0.06476096819489087
0.46729104947496086,0.06477788563694808
0.47140474900761153,0.06479480307900526
0.4323050342810862,0.06481172052106242
0.42548607292276325,0.06482863796311963
0.40572032930454976,0.06484555540517681
0.48151797534625823,0.06486247284723397
0.43534188057264567,0.06487939028929114
0.467015422068285,0.06489630773134836
0.4649106734452622,0.06491322517340552
0.4843426127003016,0.06493014261546269
0.5418325367582943,0.06494706005751985
0.512472975493519,0.06496397749957707
0.49245438237273575,0.06498089494163424
0.4756493827445021,0.0649978123836914
0.4646118192468255,0.06501472982574862
0.4600903199985957,0.06503164726780579
0.43349842086437035,0.06504856470986295
0.4583910056352829,0.06506548215192016
0.5684361416816883,0.06508239959397734
0.5531068828678268,0.0650993170360345
0.534746117351543,0.06511623447809171
0.5303165014251797,0.06513315192014889
0.5430100318324351,0.06515006936220605
0.5443425581083127,0.06516698680426326
0.5406808817565781,0.06518390424632042
0.5071812064790998,0.0652008216883776
0.4942485047455052,0.06521773913043481
0.4999474726577934,0.06523465657249197
0.5026354306904742,0.06525157401454915
0.5168234677289542,0.06526849145660636
0.488470003698239,0.06528540889866352
0.47609536106901906,0.0653023263407207
0.5304095368029081,0.06531924378277786
0.55221472346317,0.06533616122483503
0.5268605086289344,0.06535307866689224
0.5417842295235393,0.0653699961089494
0.5125024399332999,0.06538691355100658
0.4869537298816681,0.0654038309930638
0.4883326963534546,0.06542074843512095
0.4850277961055909,0.06543766587717813
0.4993329215654115,0.06545458331923534
0.4960252419001564,0.0654715007612925
0.5067328989415729,0.06548841820334968
0.47614618181462004,0.06550533564540689
0.5007002873363091,0.06552225308746405
0.5394075571014082,0.06553917052952123
0.5127556728135423,0.06555608797157844
0.4864653314599098,0.0655730054136356
0.46461310112068666,0.06558992285569278
0.4357993771520425,0.06560684029774998
0.44526584902502453,0.06562375773980715
0.42654977805691846,0.06564067518186432
0.4459143405539027,0.06565759262392153
0.438759462069053,0.0656745100659787
0.418065679892364,0.06569142750803587
0.4337593597765469,0.06570834495009303
0.4322416887756748,0.06572526239215025
0.4338162744900833,0.06574217983420741
0.44978391368081183,0.06575909727626458
0.4716409503530662,0.06577601471832176
0.46690326802819576,0.06579293216037896
0.45575548309397385,0.06580984960243613
0.4242315737272238,0.0658267670444933
0.4002367256375103,0.06584368448655051
0.42185720191732634,0.06586060192860768
0.41883608807194705,0.06587751937066484
0.42278515783205417,0.06589443681272206
0.4511979062339051,0.06591135425477923
0.4697296729866969,0.06592827169683639
0.4674992530492391,0.0659451891388936
0.43176514855602954,0.06596210658095078
0.41046305459006294,0.06597902402300794
0.402994117826332,0.06599594146506516
0.40688967640408624,0.06601285890712233
0.39988152929312987,0.06602977634917949
0.4386880417519172,0.0660466937912367
0.442920555262038,0.06606361123329388
0.491564563582952,0.06608052867535104
0.496491187151762,0.06609744611740821
0.46405266589839633,0.06611436355946543
0.4372623413159003,0.06613128100152259
0.45661412472355767,0.06614819844357976
0.4272371315545115,0.06616511588563692
0.4023523456721523,0.06618203332769414
0.4204862755035574,0.06619895076975131
0.38613029750150163,0.06621586821180847
0.39646395589480177,0.06623278565386569
0.3769085907583982,0.06624970309592286
0.418572298975432,0.06626662053798002
0.38273116035592086,0.06628353798003724
0.38294111357793437,0.06630045542209441
0.4071973694695252,0.06631737286415157
0.39821390377149724,0.06633429030620878
0.4248650516403973,0.06635120774826594
0.4696948643790293,0.06636812519032312
0.41960326165092854,0.06638504263238033
0.4270186629305909,0.0664019600744375
0.43720370979393564,0.06641887751649467
0.42881629229613183,0.06643579495855188
0.44796531487328245,0.06645271240060904
0.43597103229222645,0.06646962984266622
0.4373214091543989,0.06648654728472343
0.4372235771564354,0.06650346472678059
0.4240096459029285,0.06652038216883777
0.42518947317108857,0.06653729961089493
0.4070435706290035,0.06655421705295214
0.4501686766554855,0.06657113449500932
0.43188741205612363,0.06658805193706648
0.46004697798474264,0.06660496937912365
0.4518534133337628,0.06662188682118086
0.4712990076941404,0.06663880426323802
0.4683351875624779,0.0666557217052952
0.46430656800919556,0.06667263914735241
0.47128922732872797,0.06668955658940957
0.4364252765353762,0.06670647403146675
0.41415618096798607,0.06672339147352396
0.45369682101416553,0.06674030891558112
0.44474815438594795,0.0667572263576383
0.4483388710848998,0.0667741437996955
0.4557691016858825,0.06679106124175267
0.47267614198255614,0.06680797868380985
0.4861900917095191,0.06682489612586705
0.46232276252128657,0.06684181356792422
0.4774565862911382,0.0668587310099814
0.47033769625802346,0.0668756484520386
0.4610420226127268,0.06689256589409577
0.4924846219277669,0.06690948333615293
0.5708893360500565,0.0669264007782101
0.5558125831131165,0.06694331822026732
0.5655536419108729,0.06696023566232448
0.5578220300638851,0.06697715310438165
0.5511609286279818,0.06699407054643883
0.5350869274307364,0.06701098798849603
0.538033173574533,0.0670279054305532
0.5428720363724437,0.06704482287261036
0.5622869808473752,0.06706174031466758
0.558803099711622,0.06707865775672475
0.5515599873223982,0.06709557519878191
0.5479579350597924,0.06711249264083913
0.5068366055685096,0.0671294100828963
0.48518515030525633,0.06714632752495346
0.46122947057074315,0.06716324496701068
0.46253445521979336,0.06718016240906785
0.46260094464611057,0.06719707985112501
0.5191095218721314,0.06721399729318223
0.503951416068338,0.0672309147352394
0.474807376188487,0.06724783217729656
0.4784453944543602,0.06726474961935378
0.5085770119174005,0.06728166706141095
0.502245199993744,0.06729858450346811
0.5207184174183961,0.06731550194552532
0.5411001259902284,0.06733241938758248
0.5015288563425673,0.06734933682963966
0.4873452879472838,0.06736625427169683
0.490064938663186,0.06738317171375399
0.5320788302411568,0.06740008915581121
0.49225693173328494,0.06741700659786838
0.4775425730317391,0.06743392403992554
0.479521066997016,0.06745084148198276
0.5188782700328545,0.06746775892403992
0.4993410319827808,0.06748467636609709
0.46519524937811,0.0675015938081543
0.46878916292144857,0.06751851125021147
0.4757833144565741,0.06753542869226864
0.49660533360642756,0.06755234613432586
0.49110738390288805,0.06756926357638302
0.48961727184933074,0.06758618101844019
0.5194637764523955,0.0676030984604974
0.4735859742983605,0.06762001590255456
0.48267182995672436,0.06763693334461174
0.4707991623067491,0.06765385078666895
0.46845364516446064,0.06767076822872611
0.4979120727020031,0.06768768567078329
0.4766778775562863,0.0677046031128405
0.43677263685147133,0.06772152055489766
0.40226726514562106,0.06773843799695484
0.4132570766009024,0.067755355439012
0.4222423666792815,0.06777227288106921
0.43673288298270746,0.06778919032312639
0.48396395025747335,0.06780610776518355
0.5195920815316623,0.06782302520724072
0.49168377917987394,0.06783994264929794
0.4446147366522335,0.0678568600913551
0.4254849004076785,0.06787377753341227
0.4391355194510513,0.06789069497546948
0.4194091660071606,0.06790761241752664
0.43271239616785007,0.06792452985958382
0.4100375931923672,0.06794144730164102
0.415423596816467,0.0679583647436982
0.43374944521364117,0.06797528218575537
0.40380107198855514,0.06799219962781257
0.45044434336583805,0.06800911706986974
0.41568259809621966,0.06802603451192692
0.4767554514742597,0.06804295195398412
0.4840254515915477,0.06805986939604129
0.4485762620377035,0.06807678683809845
0.4364647491302086,0.06809370428015567
0.4278387664577161,0.06811062172221284
0.39934331884549423,0.06812753916427
0.47915431825770033,0.06814445660632718
0.5134934422846882,0.06816137404838439
0.5102756927391885,0.06817829149044155
0.5012031086270808,0.06819520893249872
0.49264876548328396,0.06821212637455588
0.5067708015750122,0.0682290438166131
0.532557842756134,0.06824596125867027
0.5375865559775208,0.06826287870072743
0.5401355990567664,0.06827979614278465
0.5379035408337005,0.06829671358484182
0.49400908430728024,0.06831363102689898
0.482966207904122,0.0683305484689562
0.5043450064996892,0.06834746591101337
0.47105926215966654,0.06836438335307053
0.45623843026415595,0.06838130079512775
0.4569294603844968,0.06839821823718492
0.4325179101769517,0.06841513567924208
0.45309868588005625,0.0684320531212993
0.46073632942799825,0.06844897056335647
0.4317457755976049,0.06846588800541363
0.4794583027023577,0.06848280544747085
0.4448148552146358,0.068499722889528
0.4104774847481094,0.06851664033158518
0.4352340423944348,0.0685335577736424
0.47558968256972267,0.06855047521569956
0.4440701344892346,0.06856739265775673
0.45753366067290013,0.0685843100998139
0.43744630467319257,0.06860122754187106
0.4807171174003583,0.06861814498392828
0.4789797443639359,0.06863506242598544
0.4332242789658802,0.06865197986804261
0.44478318951868195,0.06866889731009983
0.5305983850347454,0.06868581475215699
0.5112752003659768,0.06870273219421416
0.4882893310538899,0.06871964963627138
0.47496015203412145,0.06873656707832854
0.4461688786539696,0.06875348452038571
0.4806759905650825,0.06877040196244293
0.4646665534841705,0.06878731940450009
0.46044630459687624,0.06880423684655726
0.43280017893903666,0.06882115428861448
0.39603893873209334,0.06883807173067163
0.4131914648780392,0.06885498917272881
0.4165433206851615,0.06887190661478602
0.3984810418840515,0.06888882405684318
0.4502431636616602,0.06890574149890036
0.45072493835806965,0.06892265894095756
0.4719965409002314,0.06893957638301473
0.4809933980911263,0.06895649382507191
0.4788358633207709,0.06897341126712907
0.5073015431155706,0.06899032870918628
0.5240994604102727,0.06900724615124346
0.4991571296590135,0.06902416359330062
0.47920100604196914,0.06904108103535779
0.43917620352666004,0.069057998477415
0.4516937269509667,0.06907491591947217
0.4694559084368415,0.06909183336152934
0.4621058906708294,0.06910875080358654
0.4652621671036191,0.06912566824564371
0.4611008703291661,0.06914258568770089
0.4738362383508878,0.06915950312975809
0.4598363301487126,0.06917642057181526
0.4527358858848698,0.06919333801387244
0.4648303508015543,0.06921025545592964
0.46930212134139304,0.06922717289798681
0.4532170323850041,0.06924409034004397
0.4304372154332261,0.06926100778210119
0.45684387148674815,0.06927792522415836
0.42862689186141084,0.06929484266621552
0.4255539452155844,0.06931176010827274
0.42226453821821336,0.06932867755032991
0.49872423967491253,0.06934559499238707
0.44651704637822043,0.06936251243444429
0.5155919759163581,0.06937942987650146
0.519806680575158,0.06939634731855862
0.5182752708555427,0.0694132647606158
0.577483042078111,0.06943018220267295
0.5293468348160533,0.06944709964473017
0.5060269206345198,0.06946401708678734
0.49688517209530814,0.0694809345288445
0.4813817136020736,0.06949785197090172
0.46904224694023744,0.0695147694129589
0.4613585157414295,0.06953168685501605
0.4927888141647989,0.06954860429707327
0.45717439664014303,0.06956552173913044
0.4502102304506948,0.0695824391811876
0.47235478313832685,0.06959935662324482
0.46482878209804857,0.06961627406530199
0.48510721351031755,0.06963319150735915
0.49578082581618865,0.06965010894941637
0.52059950844653,0.06966702639147353
0.5237029386854772,0.0696839438335307
0.4876535509663109,0.06970086127558792
0.5208822826256183,0.06971777871764508
0.5046716840831302,0.06973469615970225
0.49633462323887056,0.06975161360175947
0.4974082676104141,0.06976853104381663
0.4999513361876355,0.0697854484858738
0.4810973015646256,0.06980236592793096
0.4622415528472358,0.06981928336998817
0.4439280391356225,0.06983620081204535
0.45419893150495494,0.06985311825410251
0.4517396786607663,0.06987003569615968
0.4171457130747923,0.0698869531382169
0.4759281507363231,0.06990387058027406
0.4684295063201834,0.06992078802233123
0.4849238518861333,0.06993770546438845
0.48055417927006083,0.06995462290644561
0.4597665376814143,0.06997154034850278
0.4499724632383932,0.06998845779056
0.4518744568730632,0.07000537523261716
0.4917281564637216,0.07002229267467433
0.502574228967364,0.07003921011673155
0.46752179958433737,0.0700561275587887
0.4397004528682298,0.07007304500084588
0.4191909896406227,0.07008996244290308
0.4191013051726575,0.07010687988496025
0.4169474541074558,0.07012379732701743
0.40008864990286225,0.07014071476907463
0.379343173435626,0.0701576322111318
0.39558367652201465,0.07017454965318898
0.39019202170772405,0.07019146709524614
0.3772985257943714,0.07020838453730335
0.46595689600628576,0.07022530197936051
0.45281638460097284,0.07024221942141769
0.47716934884975415,0.07025913686347486
0.5054783217540587,0.07027605430553206
0.49904627739836416,0.07029297174758924
0.4818817765669,0.07030988918964641
0.4511699987376509,0.07032680663170361
0.48928560121256337,0.07034372407376079
0.45680896483578864,0.07036064151581796
0.4400519871133056,0.07037755895787516
0.4188735897078107,0.07039447639993233
0.41172445732227886,0.0704113938419895
0.38837312593358303,0.07042831128404671
0.425885227793833,0.07044522872610388
0.48834382094890305,0.07046214616816104
0.5209148772394692,0.07047906361021826
0.5451254564790754,0.07049598105227543
0.5423566951965355,0.0705128984943326
0.5337660276583881,0.07052981593638981
0.4864238590949417,0.07054673337844698
0.48372317083308225,0.07056365082050414
0.5062614141116868,0.07058056826256136
0.4904924975403413,0.07059748570461853
0.5481836594397438,0.07061440314667569
0.527896578888465,0.07063132058873287
0.5474728669964226,0.07064823803079003
0.5149959942692878,0.07066515547284724
0.5198126809592535,0.07068207291490441
0.4848923565384141,0.07069899035696157
0.47468212496728834,0.07071590779901879
0.4638452907521815,0.07073282524107596
0.4266983215108944,0.07074974268313312
0.47196136268738376,0.07076666012519034
0.4436884689550675,0.07078357756724751
0.41109093572466193,0.07080049500930467
0.39705340501283504,0.07081741245136189
0.39507539221934396,0.07083432989341905
0.45034175832503576,0.07085124733547622
0.49324856773562065,0.07086816477753344
0.4593936628146715,0.0708850822195906
0.4531409125362831,0.07090199966164777
0.44060783829967165,0.07091891710370499
0.42492051717980694,0.07093583454576215
0.4836845779207865,0.07095275198781932
0.4447675294707235,0.07096966942987654
0.4156003850324962,0.0709865868719337
0.4309824015795401,0.07100350431399087
0.46662559955113825,0.07102042175604803
0.46956108688349485,0.07103733919810525
0.4797464981002407,0.07105425664016242
0.47109339231831215,0.07107117408221958
0.4434794771240742,0.07108809152427675
0.43423799177540073,0.07110500896633397
0.46163260142431845,0.07112192640839113
0.46587215622604844,0.0711388438504483
0.43344650475455093,0.07115576129250552
0.429406309590918,0.07117267873456268
0.40722035921906014,0.07118959617661985
0.3876515830142862,0.07120651361867707
0.4317335768209749,0.07122343106073423
0.4216760443581624,0.0712403485027914
0.41804525629150735,0.0712572659448486
0.41086705625429054,0.07127418338690578
0.4401343274146263,0.07129110082896295
0.4335608210587457,0.07130801827102015
0.45474001379203444,0.07132493571307733
0.46077633191261014,0.0713418531551345
0.4533102118103768,0.0713587705971917
0.45089939658872813,0.07137568803924887
0.42138733009523177,0.07139260548130603
0.4117664936385634,0.07140952292336321
0.4701616361301806,0.07142644036542042
0.4526508843550417,0.07144335780747758
0.43790823981359267,0.07146027524953476
0.4118680955187056,0.07147719269159193
0.4059357405674914,0.07149411013364913
0.3944562483606704,0.0715110275757063
0.3689316776417071,0.07152794501776347
0.3907550606745382,0.07154486245982068
0.3633598831190984,0.07156177990187786
0.33930340384597146,0.07157869734393502
0.36751408557219956,0.07159561478599223
0.4463077758163107,0.0716125322280494
0.5216147998499785,0.07162944967010657
0.5018721778812341,0.07164636711216378
0.49400732792396,0.07166328455422095
0.47993577223601863,0.07168020199627811
0.4946021731820339,0.07169711943833533
0.5124900457164951,0.0717140368803925
0.48578911160638405,0.07173095432244966
0.4828576674875456,0.07174787176450688
0.47950781033967643,0.07176478920656405
0.4553592494848149,0.07178170664862121
0.4405602031328501,0.07179862409067843
0.43559990234201923,0.07181554153273559
0.46404791599135226,0.07183245897479276
0.4500043449848543,0.07184937641684994
0.500107650601836,0.0718662938589071
0.5027865685176627,0.07188321130096431
0.49783707198713434,0.07190012874302149
0.493748806216035,0.07191704618507865
0.5064135251821786,0.07193396362713586
0.539596824517386,0.07195088106919303
0.532835732833971,0.0719677985112502
0.49328853761071323,0.07198471595330741
0.492416732111886,0.07200163339536457
0.48372619756008384,0.07201855083742174
0.45482900268193244,0.07203546827947896
0.44937529187485503,0.07205238572153612
0.47740135606992185,0.07206930316359329
0.43539333555593446,0.07208622060565051
0.4283848958293148,0.07210313804770767
0.44583407299356054,0.07212005548976484
0.4387423178087584,0.07213697293182206
0.457311195574674,0.07215389037387922
0.44139371907112834,0.07217080781593639
0.43866745309351163,0.0721877252579936
0.4225460881099564,0.07220464270005077
0.4566294546211134,0.07222156014210794
0.41800947747901046,0.0722384775841651
0.4091748675686119,0.07225539502622232
0.45226787972307186,0.07227231246827949
0.41456048049812305,0.07228922991033665
0.42470092660812375,0.07230614735239382
0.4062190380623169,0.07232306479445104
0.38361850594919744,0.0723399822365082
0.38897784523520335,0.07235689967856537
0.3829672791350163,0.07237381712062259
0.40558836522009195,0.07239073456267975
0.4146371834461389,0.07240765200473692
0.39852701250588884,0.07242456944679412
0.3884601722071647,0.0724414868888513
0.41969210941871643,0.07245840433090847
0.433602102909729,0.07247532177296567
0.4316985613618256,0.07249223921502285
0.45937991194041267,0.07250915665708002
0.4303873304693834,0.07252607409913722
0.46504314932576307,0.0725429915411944
0.47192340448182024,0.07255990898325156
0.4501850255702432,0.07257682642530877
0.42798999137675736,0.07259374386736595
0.42462837844686485,0.0726106613094231
0.42848494767822254,0.07262757875148032
0.44339939450961297,0.0726444961935375
0.40584753351006464,0.07266141363559465
0.393414425028114,0.07267833107765183
0.4081729369741667,0.07269524851970899
0.45405998368120104,0.0727121659617662
0.43203954926376276,0.07272908340382338
0.5207429332037348,0.07274600084588054
0.505823977986938,0.07276291828793775
0.5448283618290951,0.07277983572999493
0.5225793294588511,0.07279675317205209
0.4987625318749575,0.0728136706141093
0.48485669398179276,0.07283058805616648
0.5047970644940585,0.07284750549822364
0.5085236376372695,0.07286442294028085
0.5038505928395367,0.07288134038233803
0.5017271329306108,0.07289825782439519
0.5047145715826784,0.0729151752664524
0.48444713405561723,0.07293209270850957
0.5134291629138968,0.07294901015056673
0.48570449790504633,0.07296592759262395
0.4606795143377547,0.07298284503468111
0.4593666181001477,0.07299976247673828
0.48080932975080903,0.0730166799187955
0.4754171063921237,0.07303359736085266
0.47345022483041954,0.07305051480290983
0.44494487343924105,0.073067432244967
0.460815334309712,0.07308434968702421
0.48533445119029284,0.07310126712908138
0.545103558056879,0.07311818457113854
0.5327117150253677,0.07313510201319572
0.5255354825835724,0.07315201945525293
0.5069905546650331,0.07316893689731009
0.5098547361171277,0.07318585433936727
0.506420864413264,0.07320277178142448
0.4620424201091787,0.07321968922348164
0.4853496066729753,0.07323660666553881
0.45372256930673355,0.07325352410759603
0.46554466721220206,0.07327044154965319
0.4697050840600602,0.07328735899171036
0.48001441486233654,0.07330427643376758
0.47789871794028427,0.07332119387582474
0.47655108056102874,0.07333811131788191
0.4431619245341196,0.07335502875993913
0.43436587838576435,0.07337194620199629
0.40655428956545353,0.07338886364405346
0.3771198633559304,0.07340578108611068
0.41207040097298286,0.07342269852816784
0.4120952903905079,0.07343961597022501
0.43685624358483677,0.07345653341228217
0.43705969140870193,0.07347345085433939
0.45287713278089226,0.07349036829639656
0.41309984222057866,0.07350728573845372
0.4176683679819378,0.0735242031805109
0.3913615608692386,0.07354112062256811
0.3669500382328207,0.07355803806462527
0.3553874934978624,0.07357495550668244
0.3850863333755605,0.07359187294873965
0.369728223976602,0.07360879039079682
0.5123194587207713,0.07362570783285399
0.5263096675854427,0.0736426252749112
0.52970735912176,0.07365954271696837
0.5171196773421927,0.07367646015902554
0.4881676447210442,0.07369337760108274
0.4500813732002363,0.07371029504313992
0.4164038141134727,0.07372721248519708
0.39678768432643796,0.07374412992725429
0.3724433272402031,0.07376104736931147
0.37057499403322086,0.07377796481136863
0.3794005677268056,0.07379488225342584
0.41424895645500404,0.07381179969548302
0.4328207359418963,0.07382871713754018
0.4478734481895522,0.07384563457959739
0.47812226204590447,0.07386255202165457
0.51476434301151,0.07387946946371172
0.4655912016297433,0.0738963869057689
0.46842264687737256,0.07391330434782606
0.4636161709286406,0.07393022178988327
0.46623509601415275,0.07394713923194045
0.45388840020228294,0.07396405667399761
0.43584056401673055,0.07398097411605482
0.42392495437004646,0.073997891558112
0.4375834358814437,0.07401480900016916
0.4241299842264715,0.07403172644222637
0.4589155248376897,0.07404864388428355
0.4830901687600749,0.0740655613263407
0.524533110082828,0.07408247876839792
0.48247898993546406,0.0740993962104551
0.45749352477117095,0.07411631365251226
0.44394504707752636,0.07413323109456947
0.4941262815928378,0.07415014853662663
0.531928830507272,0.0741670659786838
0.5206440215610453,0.07418398342074102
0.5013750950736195,0.07420090086279818
0.4867776163611722,0.07421781830485535
0.4499169809177647,0.07423473574691257
0.46285452227235874,0.07425165318896973
0.47298212274266116,0.0742685706310269
0.45467228233299917,0.07428548807308406
0.41751616429871136,0.07430240551514128
0.4064390359845624,0.07431932295719845
0.4360490440151584,0.07433624039925561
0.534145903493682,0.07435315784131279
0.5277613019193963,0.07437007528337
0.5008249275084937,0.07438699272542716
0.5032658689973041,0.07440391016748434
0.5169179768369424,0.07442082760954155
0.532214310249156,0.07443774505159871
0.500061407868438,0.07445466249365588
0.4690209807430689,0.0744715799357131
0.4743270958642153,0.07448849737777026
0.4620047636969875,0.07450541481982743
0.4770786625658664,0.07452233226188465
0.4618509779385879,0.07453924970394181
0.4570511158317053,0.07455616714599898
0.4596260985541124,0.07457308458805618
0.45392811106107867,0.07459000203011336
0.4274813338634351,0.07460691947217053
0.39977990623450116,0.07462383691422773
0.42533783146648274,0.07464075435628491
0.42140566928314105,0.07465767179834208
0.4321036249250328,0.07467458924039924
0.46544638155700013,0.07469150668245646
0.501796792974482,0.07470842412451363
0.4860206512851795,0.07472534156657079
0.4743317459617679,0.07474225900862796
0.46441089666641755,0.07475917645068517
0.4531084144652447,0.07477609389274234
0.4657127376032322,0.07479301133479951
0.4836255523071646,0.07480992877685672
0.5008062531555462,0.07482684621891389
0.4937010792894974,0.07484376366097106
0.49600835545888067,0.07486068110302826
0.49669751249973393,0.07487759854508544
0.4726924218592995,0.0748945159871426
0.45237066688998173,0.07491143342919981
0.4507574148405682,0.07492835087125699
0.42315850912961095,0.07494526831331415
0.44723306703116683,0.07496218575537136
0.4521462329828437,0.07497910319742854
0.49774270126054254,0.0749960206394857
0.5075257211433217,0.07501293808154291
0.5025548529232634,0.07502985552360009
0.48310242029866324,0.07504677296565725
0.52063550498359,0.07506369040771446
0.4766521727742561,0.07508060784977164
0.46327612802996704,0.0750975252918288
0.4766958316613394,0.07511444273388597
0.4749672977486577,0.07513136017594313
0.45315546737983436,0.07514827761800034
0.42766296423971345,0.07516519506005752
0.38622866815328355,0.07518211250211468
0.41448053317069816,0.0751990299441719
0.467513331546782,0.07521594738622907
0.47914647561263923,0.07523286482828623
0.47819576463661106,0.07524978227034344
0.45904874246566707,0.07526669971240062
0.4436573341786799,0.07528361715445778
0.4835286939382504,0.07530053459651499
0.4828855617237052,0.07531745203857215
0.4917163430366485,0.07533436948062933
0.4654415451457953,0.07535128692268654
0.45077571693824575,0.0753682043647437
0.4775934729875473,0.07538512180680088
0.4683860650778888,0.07540203924885809
0.48020128894814484,0.07541895669091525
0.5271185397225113,0.07543587413297242
0.5422858881249024,0.07545279157502964
0.537765191975752,0.0754697090170868
0.5336538449792222,0.07548662645914397
0.5253882623408759,0.07550354390120113
0.5069938176230212,0.07552046134325835
0.47731615490560697,0.07553737878531552
0.46699626355842727,0.07555429622737268
0.4905139057594616,0.07557121366942986
0.47182683338785797,0.07558813111148707
0.49819018594475295,0.07560504855354423
0.4557755224073069,0.0756219659956014
0.499599022242557,0.07563888343765862
0.4910059134746639,0.07565580087971578
0.5327316292591928,0.07567271832177296
0.4844500655705165,0.07568963576383017
0.49745101410344694,0.07570655320588733
0.4668203348175324,0.0757234706479445
0.49428437187319096,0.0757403880900017
0.5099421821756768,0.07575730553205888
0.5193783945022907,0.07577422297411605
0.5274938349865983,0.07579114041617326
0.49835692683403576,0.07580805785823043
0.48388551147417136,0.0758249753002876
0.45536122299540766,0.0758418927423448
0.47176899176684006,0.07585881018440198
0.4570099128234147,0.07587572762645914
0.41648966772935864,0.07589264506851635
0.4423678454048004,0.07590956251057353
0.5010314652352783,0.07592647995263069
0.5013987357639673,0.07594339739468786
0.5405150838870528,0.07596031483674504
0.5440149456801989,0.07597723227880224
0.5224082351162417,0.07599414972085941
0.5015867019044863,0.07601106716291658
0.48464914873023884,0.07602798460497379
0.4603040970546409,0.07604490204703096
0.4578084057317102,0.07606181948908812
0.46436311052210527,0.07607873693114534
0.47272138393694085,0.07609565437320251
0.5062672384323591,0.07611257181525967
0.4960830897285075,0.07612948925731688
0.5066568207894588,0.07614640669937406
0.5122173032883665,0.07616332414143122
0.48693147116691754,0.07618024158348843
0.48426250667405835,0.07619715902554561
0.4855954730592784,0.07621407646760277
0.5272658891743515,0.07623099390965998
0.5146360498480871,0.07624791135171716
0.5194960913509428,0.07626482879377432
0.5004149918914079,0.07628174623583153
0.5033301548290443,0.0762986636778887
0.5130995381775055,0.07631558111994587
0.5142406597854736,0.07633249856200304
0.4919438123799994,0.07634941600406024
0.4701481151658404,0.07636633344611742
0.4871274938645449,0.07638325088817459
0.4976821629573891,0.07640016833023175
0.5379726599351556,0.07641708577228896
0.5484418639100386,0.07643400321434614
0.5070584649687444,0.0764509206564033
0.5014468439297227,0.07646783809846051
0.4842165774406074,0.07648475554051767
0.49280549814709657,0.07650167298257485
0.4891332525444717,0.07651859042463206
0.48223464397054444,0.07653550786668922
0.484254564503523,0.0765524253087464
0.4839718545752305,0.07656934275080361
0.4615935727181068,0.07658626019286077
0.44542509072796754,0.07660317763491795
0.4072484712106089,0.07662009507697516
0.410473808868893,0.07663701251903232
0.411392808138663,0.0766539299610895
0.4029428483480887,0.07667084740314671
0.39389673244434015,0.07668776484520387
0.386364147039075,0.07670468228726104
0.46816661355640043,0.0767215997293182
0.47757479665871905,0.07673851717137542
0.4281396875238136,0.0767554346134326
0.40786308125302917,0.07677235205548975
0.43934719622648344,0.07678926949754693
0.4149166910689401,0.07680618693960414
0.40403952350944894,0.0768231043816613
0.4198869995334198,0.07684002182371848
0.46419861968822873,0.07685693926577569
0.4460256104188569,0.07687385670783285
0.4211498323692805,0.07689077414989003
0.397947714615975,0.07690769159194723
0.3980341501149449,0.0769246090340044
0.3951616185595921,0.07694152647606158
0.405867341970629,0.07695844391811878
0.3890883058827929,0.07697536136017595
0.4316431785044521,0.07699227880223312
0.47721044257620576,0.07700919624429033
0.4590751968649197,0.0770261136863475
0.46831271591402446,0.07704303112840466
0.49207026197606213,0.07705994857046188
0.4965527330564967,0.07707686601251905
0.4794875363292306,0.07709378345457621
0.4576213760997462,0.07711070089663342
0.42916872134412193,0.0771276183386906
0.44540501062556004,0.07714453578074776
0.47641407588707524,0.07716145322280493
0.47775244625081315,0.07717837066486209
0.4377696685923711,0.07719528810691931
0.5362975138770403,0.07721220554897648
0.5318565478600551,0.07722912299103364
0.5057807891112558,0.07724604043309086
0.47815618145799577,0.07726295787514803
0.4773199516799922,0.07727987531720519
0.44951557185386626,0.0772967927592624
0.4793912813356321,0.07731371020131958
0.47766922476218554,0.07733062764337674
0.4617286806291454,0.07734754508543396
0.4486527828364462,0.07736446252749113
0.42988102539292106,0.07738137996954829
0.43916403972237217,0.0773982974116055
0.4158841111113939,0.07741521485366268
0.42538532915515215,0.07743213229571984
0.42730458023391177,0.07744904973777705
0.49057744695537897,0.07746596717983421
0.47068325482840234,0.07748288462189139
0.5244240347785544,0.0774998020639486
0.5105245677028332,0.07751671950600576
0.4750231359318283,0.07753363694806294
0.46287851364734867,0.07755055439012011
0.43788622284987055,0.07756747183217731
0.48630017014391014,0.07758438927423449
0.46676852680879266,0.07760130671629166
0.4703454087387517,0.07761822415834882
0.5031532772549785,0.07763514160040604
0.48830857699464136,0.0776520590424632
0.4669094429441323,0.07766897648452037
0.4593266404492084,0.07768589392657758
0.45265203172544033,0.07770281136863474
0.46190591617091015,0.07771972881069192
0.5040063775671603,0.07773664625274913
0.496390854683962,0.0777535636948063
0.4750855846146318,0.07777048113686347
0.45295425517873544,0.07778739857892068
0.4537862421156294,0.07780431602097784
0.43119383701335007,0.07782123346303502
0.46564145762642717,0.07783815090509223
0.4668323248936375,0.07785506834714939
0.4461625397454612,0.07787198578920657
0.43530428053942627,0.07788890323126378
0.43930397941277277,0.07790582067332094
0.42565564524019445,0.07792273811537812
0.4239350713164384,0.07793965555743528
0.4619688039518019,0.07795657299949249
0.432580180604984,0.07797349044154966
0.41443587552684913,0.07799040788360682
0.39061333307566937,0.078007325325664
0.3758811181302285,0.07802424276772121
0.3582668881031208,0.07804116020977837
0.39211827360886997,0.07805807765183555
0.4198048579160267,0.07807499509389275
0.413609285550427,0.07809191253594992
0.45032711378503765,0.0781088299780071
0.4317707602323606,0.0781257474200643
0.4248243299437773,0.07814266486212147
0.4040195665608416,0.07815958230417865
0.4147197085102852,0.07817649974623585
0.4018342556540534,0.07819341718829302
0.43651932970558527,0.07821033463035018
0.4588650742838774,0.0782272520724074
0.4351650400694207,0.07824416951446457
0.3984850763270057,0.07826108695652173
0.4162812804372149,0.07827800439857895
0.4435239891363015,0.07829492184063612
0.4683831938229267,0.07831183928269328
0.4368708020943216,0.0783287567247505
0.5118792682089657,0.07834567416680767
0.48708036773985625,0.07836259160886483
0.49188310093550686,0.078379509050922
0.481649740035286,0.07839642649297916
0.47421623944834906,0.07841334393503638
0.46386175894416204,0.07843026137709355
0.5294682228062696,0.07844717881915071
0.516382282455297,0.07846409626120793
0.4911608441508069,0.0784810137032651
0.47715835919668315,0.07849793114532226
0.47329707662812903,0.07851484858737948
0.4728612619284951,0.07853176602943665
0.47204576870951365,0.07854868347149381
0.4629027401697899,0.07856560091355103
0.45902531189062323,0.0785825183556082
0.4637298909214189,0.07859943579766536
0.46455650547242566,0.07861635323972258
0.56977822001057,0.07863327068177974
0.5491318533045223,0.07865018812383691
0.49673434330798555,0.07866710556589412
0.5270114599369158,0.07868402300795128
0.4884108292025081,0.07870094045000846
0.470821921981315,0.07871785789206567
0.4681654671485744,0.07873477533412283
0.4660419364496487,0.07875169277618001
0.4689626029908195,0.07876861021823717
0.4475162273072827,0.07878552766029438
0.4309609965820017,0.07880244510235156
0.41765280257375265,0.07881936254440872
0.42844247373510386,0.07883627998646589
0.4050694191660006,0.0788531974285231
0.4016641147300021,0.07887011487058027
0.3914412909638417,0.07888703231263744
0.41433945130439864,0.07890394975469465
0.5099463568618479,0.07892086719675181
0.4990210915796425,0.07893778463880899
0.47947586855828495,0.0789547020808662
0.4433948022646883,0.07897161952292336
0.45841078142509295,0.07898853696498054
0.461671701512221,0.07900545440703775
0.48647990738668717,0.07902237184909491
0.46784941486770854,0.07903928929115209
0.4564470381121234,0.0790562067332093
0.4308761203750289,0.07907312417526646
0.4982793326746875,0.07909004161732364
0.5010612841901345,0.07910695905938084
0.47948771210171093,0.07912387650143801
0.48979575230008215,0.07914079394349519
0.5066836300955284,0.07915771138555239
0.4976063468826667,0.07917462882760956
0.5105954487143243,0.07919154626966673
0.5108279887054987,0.0792084637117239
0.49070119287289204,0.07922538115378107
0.5058178498404584,0.07924229859583827
0.527499941512534,0.07925921603789544
0.5535702328082632,0.07927613347995262
0.527361249541975,0.07929305092200982
0.5343036338613327,0.079309968364067
0.5199337410867926,0.07932688580612417
0.5301351633024786,0.07934380324818137
0.5152519890747527,0.07936072069023854
0.4976652641361602,0.0793776381322957
0.4938303950838763,0.07939455557435292
0.4790609577029958,0.07941147301641009
0.46707905719518783,0.07942839045846725
0.4804145923442851,0.07944530790052447
0.4637918596416482,0.07946222534258164
0.44910042086837837,0.0794791427846388
0.4242056377696844,0.07949606022669602
0.46726180855177657,0.07951297766875319
0.4353754122554685,0.07952989511081035
0.42355725562567914,0.07954681255286757
0.42305441813465283,0.07956372999492474
0.4034642387771315,0.0795806474369819
0.39404632722089344,0.07959756487903907
0.3909904764076047,0.07961448232109629
0.41839034207502784,0.07963139976315345
0.44763754087956575,0.07964831720521062
0.4215603810808804,0.07966523464726778
0.4170338008611796,0.079682152089325
0.46279685050721153,0.07969906953138217
0.41726597130676263,0.07971598697343933
0.38725558305088803,0.07973290441549655
0.4036011070752472,0.07974982185755372
0.4399055457706714,0.07976673929961088
0.45533153347933014,0.0797836567416681
0.4507476920506455,0.07980057418372526
0.45924760775733775,0.07981749162578243
0.4877606660284105,0.07983440906783965
0.45632807852089435,0.0798513265098968
0.44873873544740706,0.07986824395195398
0.483788678272629,0.0798851613940112
0.5227737142436221,0.07990207883606835
0.49207825770318625,0.07991899627812553
0.4543961092658052,0.07993591372018274
0.4520913803440102,0.0799528311622399
0.4547070736775214,0.07996974860429708
0.481298710909638,0.07998666604635424
0.46114101688635606,0.08000358348841145
0.4480179642087004,0.08002050093046863
0.47734245812462023,0.08003741837252579
0.4565056276763777,0.08005433581458296
0.44570528367720447,0.08007125325664018
0.4706917675301425,0.08008817069869734
0.4371609546315664,0.08010508814075451
0.43640872300243333,0.08012200558281173
0.40076381135444605,0.08013892302486889
0.39593747988113376,0.08015584046692606
0.40331420886332686,0.08017275790898327
0.39684832563253164,0.08018967535104043
0.4054126836478863,0.08020659279309761
0.3736033457613114,0.08022351023515481
0.3730224325733283,0.08024042767721198
0.3827780210556109,0.08025734511926916
0.385470642533423,0.08027426256132636
0.4179326763840688,0.08029118000338353
0.38615414667862036,0.08030809744544071
0.44304647579779133,0.08032501488749791
0.505246850132862,0.08034193232955508
0.47397975506776113,0.08035884977161226
0.4631740501117193,0.08037576721366946
0.4678599934253282,0.08039268465572663
0.4773716768005043,0.08040960209778379
0.4692049376470685,0.08042651953984097
0.45840254245621687,0.08044343698189814
0.4627926752441941,0.08046035442395534
0.5068413460631226,0.08047727186601251
0.5259254927936439,0.08049418930806969
0.4994564577343658,0.08051110675012689
0.48133633728047975,0.08052802419218406
0.5056330060579044,0.08054494163424122
0.5041790263348948,0.08056185907629844
0.48410871279193013,0.08057877651835561
0.4752600821014488,0.08059569396041277
0.4819047714993353,0.08061261140246999
0.454906794685125,0.08062952884452716
0.449108770098686,0.08064644628658432
0.43792018739891037,0.08066336372864154
0.42859968899497974,0.08068028117069871
0.4078382758999633,0.08069719861275587
0.45782425870138543,0.08071411605481309
0.4651239802013885,0.08073103349687026
0.4206818304118356,0.08074795093892742
0.4277390032336586,0.08076486838098464
0.4147205841005225,0.08078178582304181
0.39155472846511036,0.08079870326509897
0.38636198069002653,0.08081562070715614
0.38474701782342935,0.08083253814921335
0.40699597350976585,0.08084945559127052
0.4014272324420748,0.0808663730333277
0.42283893284620744,0.08088329047538485
0.43169416711665715,0.08090020791744207
0.41603563607484123,0.08091712535949924
0.47611315155625367,0.0809340428015564
0.4487244276571276,0.08095096024361362
0.4588454912796023,0.08096787768567078
0.43162985648269675,0.08098479512772795
0.4036184053067781,0.08100171256978517
0.3672336330369646,0.08101863001184233
0.3924130730116792,0.0810355474538995
0.38736301122382705,0.08105246489595672
0.38067209290087567,0.08106938233801388
0.40656497134065905,0.08108629978007105
0.4671915694339775,0.08110321722212827
0.4201852887283725,0.08112013466418543
0.4511559295186172,0.0811370521062426
0.4429958154780682,0.08115396954829981
0.4694447986303184,0.08117088699035697
0.4301440316055945,0.08118780443241415
0.4583520092657989,0.08120472187447131
0.45502332036429927,0.08122163931652852
0.457236172236874,0.0812385567585857
0.44026310561329074,0.08125547420064286
0.45383870457196196,0.08127239164270003
0.4491450000173566,0.08128930908475725
0.448608132868347,0.0813062265268144
0.464117648338745,0.08132314396887158
0.46812641194301446,0.0813400614109288
0.47585018532147094,0.08135697885298596
0.4737314089669393,0.08137389629504313
0.4639483356105174,0.08139081373710033
0.44313798257723536,0.0814077311791575
0.446589167189718,0.08142464862121468
0.48017543178567945,0.08144156606327188
0.5010345667343907,0.08145848350532905
0.4629375052246708,0.08147540094738623
0.4294946620300022,0.08149231838944343
0.41664956048604707,0.0815092358315006
0.43733268607041725,0.08152615327355776
0.4288616508514205,0.08154307071561498
0.458479573748153,0.08155998815767215
0.4433842642479274,0.08157690559972931
0.45817232476656705,0.08159382304178653
0.43771345295099473,0.0816107404838437
0.49117906791041743,0.08162765792590086
0.4702950747972366,0.08164457536795804
0.4844577934078882,0.08166149281001521
0.4677269300407179,0.08167841025207241
0.4318827919631011,0.08169532769412959
0.4813401764606481,0.08171224513618675
0.5430174880007939,0.08172916257824396
0.4997404366954197,0.08174608002030113
0.517195022123975,0.0817629974623583
0.500717984452186,0.08177991490441551
0.508980990898083,0.08179683234647268
0.491174991092261,0.08181374978852984
0.5085947713543386,0.08183066723058706
0.5017748158208062,0.08184758467264423
0.49627536980561654,0.08186450211470139
0.47612794993918933,0.08188141955675861
0.5254218559154018,0.08189833699881578
0.5239596947581089,0.08191525444087294
0.49537489291433623,0.08193217188293016
0.5311171331119866,0.08194908932498733
0.5106520706901814,0.08196600676704449
0.5264282150657865,0.0819829242091017
0.5033533274008348,0.08199984165115887
0.4799377261697066,0.08201675909321604
0.4691837977646837,0.08203367653527321
0.4709731718920906,0.08205059397733042
0.443900502206742,0.08206751141938759
0.4677107624068731,0.08208442886144476
0.46755243475078534,0.08210134630350192
0.4963920802659908,0.08211826374555914
0.47161511308249787,0.0821351811876163
0.459425324013209,0.08215209862967347
0.44711058243940327,0.08216901607173069
0.4288883062587584,0.08218593351378785
0.40586931724440295,0.08220285095584502
0.4213746167746484,0.08221976839790224
0.4334190410397291,0.0822366858399594
0.416994344951458,0.08225360328201657
0.426467737962204,0.08227052072407379
0.434683953848996,0.08228743816613095
0.4195284049729652,0.08230435560818812
0.3924124857600647,0.08232127305024534
0.4203838007303967,0.0823381904923025
0.40357408298277014,0.08235510793435967
0.4011989682771616,0.08237202537641689
0.38287231324973525,0.08238894281847405
0.4057392001061664,0.08240586026053122
0.4809850549625576,0.08242277770258842
0.4863593058528281,0.0824396951446456
0.4659120561076623,0.08245661258670277
0.4361214138184724,0.08247353002875993
0.4462821501187275,0.0824904474708171
0.46672616145545565,0.08250736491287432
0.4506961404604461,0.08252428235493148
0.4472407757697699,0.08254119979698865
0.4668757605122088,0.08255811723904585
0.45115691920650475,0.08257503468110303
0.46142641703710935,0.0825919521231602
0.44616638621033017,0.0826088695652174
0.483586148423678,0.08262578700727458
0.4807478137832692,0.08264270444933175
0.4937196809468119,0.08265962189138895
0.5126111259792208,0.08267653933344613
0.47933954403670304,0.08269345677550329
0.4814485462973251,0.0827103742175605
0.49794900436955564,0.08272729165961767
0.5087004782339563,0.08274420910167483
0.4890722180669014,0.08276112654373205
0.46273941360032594,0.08277804398578922
0.5095438167422298,0.08279496142784638
0.4885912382578281,0.0828118788699036
0.4565144832114718,0.08282879631196077
0.4608341916545504,0.08284571375401793
0.4748368870531936,0.0828626311960751
0.46719517797751586,0.08287954863813232
0.4566640694182981,0.08289646608018948
0.4641993752512828,0.08291338352224666
0.47027032068518765,0.08293030096430382
0.5185883163702327,0.08294721840636103
0.4875047778520456,0.0829641358484182
0.46365902228621414,0.08298105329047537
0.5039283665296854,0.08299797073253258
0.5421704913995601,0.08301488817458975
0.5112764808195382,0.08303180561664691
0.4874609150614381,0.08304872305870413
0.4801532716056538,0.0830656405007613
0.4620949757497178,0.08308255794281846
0.4584791527112855,0.08309947538487568
0.4377129686610328,0.08311639282693284
0.39622461002957243,0.08313331026899001
0.41201226673039926,0.08315022771104723
0.4103548785965692,0.08316714515310439
0.43508387493459794,0.08318406259516156
0.44937935580705335,0.08320098003721878
0.421612126508512,0.08321789747927594
0.4185999555422131,0.08323481492133311
0.42541454418764624,0.08325173236339029
0.45594416605843,0.08326864980544749
0.4966325286818576,0.08328556724750466
0.5017755964432583,0.08330248468956182
0.47388776850973974,0.083319402131619
0.4828013874075843,0.08333631957367621
0.46403349812682737,0.08335323701573337
0.4376782526640596,0.08337015445779054
0.43255873124349137,0.08338707189984776
0.5148503073100092,0.08340398934190492
0.49064958397895836,0.08342090678396209
0.4471881413805544,0.08343782422601931
0.48603550389194966,0.08345474166807647
0.4724044982177773,0.08347165911013364
0.4859859374032624,0.08348857655219086
0.46926921223530826,0.08350549399424802
0.48663165263279007,0.08352241143630519
0.47075027101789896,0.0835393288783624
0.4638409366095463,0.08355624632041957
0.4480344394750913,0.08357316376247674
0.42856528480112716,0.08359008120453394
0.4147935499291433,0.08360699864659112
0.4532055727275859,0.08362391608864829
0.4132159309889993,0.08364083353070549
0.45208352464883494,0.08365775097276267
0.5005539986169256,0.08367466841481984
0.5136370923261577,0.083691585856877
0.519653937509913,0.08370850329893417
0.5094649901320606,0.08372542074099137
0.5052854804460263,0.08374233818304855
0.47731840715917395,0.08375925562510572
0.49783694828440705,0.08377617306716292
0.48753666349164615,0.0837930905092201
0.4513781564864474,0.08381000795127727
0.4878283657577005,0.08382692539333447
0.47991289440364576,0.08384384283539165
0.4720980544374064,0.0838607602774488
0.46984850919132837,0.08387767771950602
0.4420222127905322,0.0838945951615632
0.44839766100810635,0.08391151260362036
0.4560888427556886,0.08392843004567757
0.4628071322489845,0.08394534748773474
0.4723640071907892,0.0839622649297919
0.45832155248000256,0.08397918237184912
0.4495811430650873,0.0839960998139063
0.4452492450108467,0.08401301725596345
0.46197648083610043,0.08402993469802067
0.5008562066987571,0.08404685214007784
0.4966056890356872,0.084063769582135
0.5084065156832007,0.08408068702419218
0.47773545047876576,0.08409760446624939
0.4932569071550158,0.08411452190830655
0.474657680980284,0.08413143935036373
0.4789865703518542,0.08414835679242089
0.46757753619633935,0.0841652742344781
0.49675205094880126,0.08418219167653528
0.47195331846289845,0.08419910911859244
0.4372645445236605,0.08421602656064965
0.42938665569377277,0.08423294400270682
0.4400621256872204,0.08424986144476398
0.4343281846558402,0.0842667788868212
0.46711797804159727,0.08428369632887836
0.42563445997653654,0.08430061377093553
0.41063463793133304,0.08431753121299275
0.4448016413524517,0.08433444865504991
0.42653875775931427,0.08435136609710708
0.43524765354631867,0.0843682835391643
0.42394706115912223,0.08438520098122146
0.40665480101737045,0.08440211842327863
0.4147502867748949,0.08441903586533585
0.41194653021261,0.08443595330739301
0.42941261734139846,0.08445287074945018
0.4402966849452013,0.08446978819150734
0.4847880524353786,0.08448670563356456
0.4545238134826505,0.08450362307562173
0.4592903886290617,0.08452054051767889
0.4316550877930504,0.08453745795973606
0.41562958457007265,0.08455437540179328
0.43186328131305585,0.08457129284385044
0.4591516639260245,0.08458821028590761
0.4733806797240411,0.08460512772796483
0.4662818629244355,0.08462204517002199
0.46708833723858106,0.08463896261207916
0.4647741699186573,0.08465588005413638
0.4983886189435013,0.08467279749619354
0.4795217221716315,0.08468971493825071
0.4578706447870947,0.08470663238030793
0.5040762285066778,0.08472354982236509
0.4833349116383501,0.08474046726442226
0.46949396552550854,0.08475738470647946
0.45572768069829994,0.08477430214853664
0.4510943704249577,0.08479121959059381
0.4473832280160679,0.08480813703265101
0.4811253214455997,0.08482505447470819
0.48857480006037995,0.08484197191676536
0.49718774331902543,0.08485888935882256
0.4908360499008106,0.08487580680087974
0.4604009237181033,0.0848927242429369
0.45642210215655055,0.08490964168499407
0.4646467778708704,0.08492655912705124
0.4493958762189681,0.08494347656910844
0.4377101628701635,0.08496039401116562
0.4225348388132054,0.08497731145322279
0.4263031009814421,0.08499422889528
0.46020302565743765,0.08501114633733717
0.42756254984418746,0.08502806377939433
0.42418010841592313,0.08504498122145154
0.41483153947817614,0.08506189866350872
0.391854940244574,0.08507881610556588
0.42790260186912116,0.08509573354762309
0.43573822395898104,0.08511265098968027
0.4649649883659458,0.08512956843173743
0.4722947498442154,0.08514648587379464
0.4759019569779571,0.08516340331585182
0.5339170540352771,0.08518032075790898
0.4905374344174155,0.08519723819996619
0.4899474140790374,0.08521415564202336
0.4677918300459601,0.08523107308408052
0.4690343177660162,0.08524799052613774
0.4338250069891496,0.08526490796819491
0.43825215570728654,0.08528182541025207
0.42511013525804425,0.08529874285230925
0.40223253669802783,0.08531566029436645
0.3890729022221918,0.08533257773642362
0.39325835086482014,0.0853494951784808
0.3723491035109937,0.08536641262053796
0.3642073017125273,0.08538333006259517
0.3640346917919274,0.08540024750465235
0.3746280386775299,0.0854171649467095
0.41681045410868045,0.08543408238876672
0.49530484770009137,0.08545099983082388
0.46403835013921435,0.08546791727288106
0.4329553726944556,0.08548483471493827
0.45813882618214535,0.08550175215699543
0.46583814834806003,0.0855186695990526
0.4388326042115901,0.08553558704110982
0.45808221763135704,0.08555250448316698
0.4357129543285506,0.08556942192522415
0.4500579285034289,0.08558633936728137
0.4237626351840298,0.08560325680933853
0.4452875620466074,0.0856201742513957
0.4357893400463741,0.08563709169345292
0.4826216406085715,0.08565400913551008
0.5001309876806438,0.08567092657756725
0.48982403796250823,0.08568784401962447
0.4973277300304985,0.08570476146168163
0.4889255225425415,0.0857216789037388
0.5048491883091492,0.08573859634579596
0.49209718130527835,0.08575551378785314
0.4731620528101834,0.08577243122991035
0.4564440351962974,0.08578934867196751
0.46105068542479916,0.08580626611402468
0.48923096353148976,0.0858231835560819
0.4559205734279598,0.08584010099813906
0.4527702839014407,0.08585701844019623
0.47548848874072047,0.08587393588225344
0.4512591519888227,0.08589085332431061
0.42939592670885607,0.08590777076636778
0.4224796694238018,0.08592468820842498
0.43155408117922395,0.08594160565048216
0.40284154585005644,0.08595852309253933
0.500619083809867,0.08597544053459653
0.465289956464779,0.08599235797665371
0.4697817791576478,0.08600927541871088
0.4531884017845228,0.08602619286076808
0.4984598496167052,0.08604311030282526
0.48923229881987484,0.08606002774488242
0.5015911794413369,0.08607694518693963
0.49657624655638066,0.0860938626289968
0.492589042136462,0.08611078007105397
0.45057241960318206,0.08612769751311114
0.4710477021849261,0.08614461495516836
0.44409325937558064,0.08616153239722552
0.4605085628837653,0.08617844983928269
0.4386451127219445,0.08619536728133985
0.4214565541019636,0.08621228472339706
0.42218608941003466,0.08622920216545424
0.4419088823426945,0.0862461196075114
0.452831334895228,0.08626303704956861
0.42092252336051833,0.08627995449162579
0.41574832647726356,0.08629687193368295
0.3888992953275476,0.08631378937574016
0.38194052481451307,0.08633070681779734
0.4440352885230277,0.0863476242598545
0.4975427363955096,0.08636454170191171
0.4668920914048446,0.08638145914396889
0.4869854553313647,0.08639837658602605
0.4578537188984231,0.08641529402808326
0.43578261081514963,0.08643221147014044
0.4410952623219348,0.0864491289121976
0.47149329149969876,0.08646604635425481
0.4762517473240572,0.08648296379631197
0.4770519583336415,0.08649988123836914
0.4731330393880131,0.08651679868042632
0.47023995869394325,0.08653371612248352
0.45341069025227376,0.0865506335645407
0.41730247555119954,0.08656755100659787
0.4334373483494374,0.08658446844865503
0.43380032256726053,0.08660138589071224
0.4493710261621764,0.0866183033327694
0.4703550825149767,0.08663522077482658
0.4866059573198122,0.08665213821688379
0.500686884061874,0.08666905565894095
0.4812158824097165,0.08668597310099813
0.5160793925198752,0.08670289054305534
0.5091375501849523,0.0867198079851125
0.5050832225400823,0.08673672542716968
0.4871859167829051,0.08675364286922689
0.4623404792797482,0.08677056031128405
0.4544493179998331,0.08678747775334122
0.4470263478343911,0.08680439519539844
0.45291843272727544,0.0868213126374556
0.4193665624259457,0.08683823007951277
0.44850186829555394,0.08685514752156999
0.4626177535437613,0.08687206496362715
0.48419685252372974,0.08688898240568432
0.5414498773246174,0.08690589984774152
0.5822853586696914,0.0869228172897987
0.545983969499535,0.08693973473185587
0.5398351663985782,0.08695665217391303
0.5288084240467495,0.0869735696159702
0.5037152422834354,0.08699048705802742
0.4758114479676023,0.08700740450008458
0.49106023015142564,0.08702432194214176
0.4677565300588694,0.08704123938419896
0.43492339087525106,0.08705815682625613
0.43291293607552134,0.0870750742683133
0.4409357410780532,0.0870919917103705
0.4293885252564703,0.08710890915242768
0.4069947259974126,0.08712582659448485
0.4783486570796684,0.08714274403654206
0.4858166929786456,0.08715966147859923
0.4814082369569979,0.08717657892065639
0.46324769738229454,0.0871934963627136
0.45909818079401926,0.08721041380477078
0.5236582324213177,0.08722733124682794
0.4771073651557279,0.08724424868888515
0.47042301036875345,0.08726116613094233
0.4285111227668198,0.08727808357299949
0.4637028296023108,0.0872950010150567
0.47461453829046074,0.08731191845711388
0.4459742069549242,0.08732883589917104
0.46779331448132827,0.08734575334122821
0.44763706829114785,0.08736267078328543
0.4469592468417806,0.08737958822534259
0.4257765628081261,0.08739650566739976
0.4446364932999372,0.08741342310945692
0.4771786207950401,0.08743034055151414
0.4732368846731415,0.08744725799357131
0.47721749226228644,0.08746417543562847
0.4683976386386256,0.08748109287768568
0.5203969410576901,0.08749801031974286
0.487780708592612,0.08751492776180002
0.4810005275579123,0.08753184520385723
0.4663558600880169,0.08754876264591441
0.4825053333073825,0.08756568008797157
0.48317984690904386,0.08758259753002878
0.5015748576374036,0.08759951497208596
0.4785063017250047,0.08761643241414312
0.4531728187275685,0.08763334985620033
0.43458429051023784,0.08765026729825749
0.461293757538653,0.08766718474031467
0.4349563722456746,0.08768410218237188
0.4635135415907902,0.08770101962442904
0.4758636143776737,0.08771793706648622
0.4666998276689023,0.08773485450854339
0.47134322838611364,0.08775177195060059
0.49046215547424127,0.08776868939265776
0.49611107216915745,0.08778560683471492
0.48778661455028266,0.0878025242767721
0.45547989698499847,0.08781944171882931
0.4621250028789076,0.08783635916088647
0.4613028939867046,0.08785327660294365
0.5181780478401206,0.08787019404500086
0.5182695405517596,0.08788711148705802
0.4906158460644545,0.0879040289291152
0.4918374668334057,0.08792094637117241
0.4591642102220957,0.08793786381322957
0.46247877523257774,0.08795478125528675
0.4633137909170345,0.08797169869734396
0.4388059280392612,0.08798861613940112
0.4535402577779361,0.0880055335814583
0.43810619089298797,0.08802245102351551
0.44341738560432875,0.08803936846557267
0.41819888384051873,0.08805628590762984
0.4203017118049284,0.08807320334968705
0.40559746523480583,0.08809012079174422
0.46248998800739427,0.0881070382338014
0.48012960799395865,0.0881239556758586
0.49003378826665744,0.08814087311791577
0.46308594765891925,0.08815779055997294
0.5347668633670036,0.0881747080020301
0.5534726346183161,0.08819162544408728
0.5316651852646144,0.08820854288614448
0.5108972085888125,0.08822546032820165
0.4851702724595815,0.08824237777025883
0.46440060533682115,0.08825929521231603
0.4371699519761372,0.0882762126543732
0.4393241328245774,0.08829313009643038
0.4035776612954438,0.08831004753848758
0.4443558023609401,0.08832696498054475
0.4498783601313973,0.08834388242260191
0.427628996212494,0.08836079986465913
0.4289753812465761,0.0883777173067163
0.430842542879875,0.08839463474877346
0.44524423617767933,0.08841155219083068
0.440350793509862,0.08842846963288785
0.454745286869352,0.08844538707494501
0.5258964015383283,0.08846230451700222
0.5279213200679429,0.0884792219590594
0.49387357915806834,0.08849613940111656
0.454208282910729,0.08851305684317377
0.44030316931640673,0.08852997428523095
0.4391019643357243,0.08854689172728811
0.4241154254286167,0.08856380916934528
0.4508693266557596,0.0885807266114025
0.4665186920680159,0.08859764405345966
0.4702600831919951,0.08861456149551683
0.43800777158213,0.08863147893757399
0.4511681434398679,0.0886483963796312
0.4540440986065696,0.08866531382168838
0.4513471503661975,0.08868223126374554
0.4462583247508133,0.08869914870580276
0.4606311586447974,0.08871606614785993
0.43467488026209045,0.08873298358991709
0.4436119785752882,0.0887499010319743
0.44654275702214163,0.08876681847403148
0.491193463220405,0.08878373591608864
0.46881428147491416,0.08880065335814585
0.4587980432123868,0.08881757080020301
0.41962138993032205,0.08883448824226019
0.4588160489597911,0.0888514056843174
0.4928461054642197,0.08886832312637456
0.4753216834608075,0.08888524056843174
0.4661116148426817,0.08890215801048895
0.4648984309351195,0.08891907545254611
0.47902335614488517,0.08893599289460329
0.4712740690749963,0.0889529103366605
0.4672976423296992,0.08896982777871766
0.45435239585190335,0.08898674522077483
0.4459065752184337,0.089003662662832
0.46165542260455655,0.08902058010488917
0.4788407203010525,0.08903749754694638
0.4732622596781894,0.08905441498900354
0.4630693628916299,0.08907133243106072
0.4198125856740599,0.08908824987311793
0.39806069394932786,0.0891051673151751
0.39904947845925176,0.08912208475723227
0.3807706735037906,0.08913900219928948
0.37921948246186127,0.08915591964134664
0.38440090030054375,0.08917283708340382
0.40391276764567796,0.08918975452546103
0.3833507417654682,0.08920667196751819
0.40980591527745636,0.08922358940957537
0.44135191958845066,0.08924050685163257
0.43656080899000493,0.08925742429368974
0.47201429555702473,0.08927434173574691
0.5531140704940817,0.08929125917780412
0.5373616091403215,0.08930817661986129
0.5236873703791975,0.08932509406191846
0.4946475388681316,0.08934201150397567
0.5252527286271591,0.08935892894603284
0.5227600208648315,0.08937584638809
0.5239261406046766,0.08939276383014717
0.5146835340962901,0.08940968127220439
0.49513501277813077,0.08942659871426155
0.5074342040320139,0.08944351615631872
0.5261576412598213,0.0894604335983759
0.4941447030289905,0.0894773510404331
0.5044961413370719,0.08949426848249027
0.5405851714314739,0.08951118592454743
0.5057184964419779,0.08952810336660465
0.4910253620148799,0.08954502080866182
0.4804375140667837,0.08956193825071898
0.5148474787712798,0.0895788556927762
0.49646577159887195,0.08959577313483337
0.4866662078724356,0.08961269057689053
0.45274050065883414,0.08962960801894775
0.42919278962618845,0.08964652546100492
0.4467045014954149,0.08966344290306208
0.44369399117283337,0.0896803603451193
0.4612266863731727,0.08969727778717647
0.4286471422790039,0.08971419522923363
0.42423626512515933,0.08973111267129084
0.4171054520625146,0.08974803011334802
0.4265744573607661,0.08976494755540518
0.44122035795327963,0.08978186499746235
0.4636391400804277,0.08979878243951955
0.4504605292884633,0.08981569988157673
0.4437160956548155,0.0898326173236339
0.4988955392588378,0.08984953476569106
0.48760735266599664,0.08986645220774828
0.47803437132194526,0.08988336964980545
0.4524395896478883,0.08990028709186261
0.4375730799424165,0.08991720453391983
0.4222044981946559,0.08993412197597699
0.4286789804641415,0.08995103941803416
0.42223247766049776,0.08996795686009137
0.4301434328520463,0.08998487430214853
0.43344836396886244,0.09000179174420571
0.4264168537689315,0.09001870918626292
0.43490171607598205,0.09003562662832008
0.408694519013282,0.09005254407037726
0.3889952110529871,0.09006946151243447
0.34812379437930835,0.09008637895449163
0.41386684622961245,0.09010329639654881
0.4298261093822953,0.09012021383860602
0.3828856667063902,0.09013713128066318
0.36239698093591294,0.09015404872272036
0.39087823280857537,0.09017096616477757
0.37972652514113214,0.09018788360683473
0.36384027281867054,0.0902048010488919
0.42537541849984006,0.09022171849094907
0.45610271822272364,0.09023863593300624
0.4546591137318502,0.09025555337506345
0.47577856337775315,0.09027247081712061
0.4748683858374717,0.09028938825917779
0.46612738875229853,0.090306305701235
0.4564701025301592,0.09032322314329216
0.4497170034737886,0.09034014058534934
0.4325117734028102,0.09035705802740655
0.47580797409639375,0.09037397546946371
0.45964749602973953,0.09039089291152089
0.44548594115972917,0.09040781035357809
0.43774326371193256,0.09042472779563526
0.4306764084262874,0.09044164523769244
0.42524494553909514,0.09045856267974964
0.39653247257316765,0.09047548012180681
0.3872520181357436,0.09049239756386399
0.38631016038414423,0.09050931500592119
0.3827212871913639,0.09052623244797836
0.3864138640407346,0.09054314989003552
0.4142310553744334,0.09056006733209274
0.46469315957664636,0.09057698477414991
0.47317005452822997,0.09059390221620707
0.4592192332530924,0.09061081965826424
0.4289176174469716,0.09062773710032146
0.43190123506132183,0.09064465454237862
0.4588450699467931,0.0906615719844358
0.4736355351940373,0.09067848942649295
0.4829159464467032,0.09069540686855017
0.5233343788805377,0.09071232431060734
0.510087193951827,0.0907292417526645
0.5174939528352592,0.09074615919472172
0.4824768817620734,0.09076307663677889
0.48958919574397874,0.09077999407883605
0.5013683766490465,0.09079691152089327
0.47380503657390644,0.09081382896295044
0.4405296714538731,0.0908307464050076
0.4555203415103275,0.09084766384706482
0.4892686801868692,0.09086458128912199
0.48817458531999713,0.09088149873117915
0.5028842312633525,0.09089841617323637
0.4904867825936898,0.09091533361529354
0.4743630085811317,0.0909322510573507
0.43336563264729977,0.09094916849940791
0.4311378217172814,0.09096608594146507
0.4308678083763276,0.09098300338352225
0.45647239869004524,0.09099992082557942
0.44151437429719004,0.09101683826763662
0.4489154410213855,0.0910337557096938
0.4575197193503878,0.09105067315175097
0.44975011495594197,0.09106759059380813
0.45604865310862874,0.09108450803586535
0.4619064872127789,0.0911014254779225
0.44362381256914285,0.09111834291997968
0.4443403196914685,0.0911352603620369
0.41316524844040015,0.09115217780409406
0.37943231424227986,0.09116909524615123
0.39059274880517036,0.09118601268820845
0.3854960102910083,0.0912029301302656
0.4214857259650454,0.09121984757232278
0.42636656477128865,0.09123676501438
0.4570761657879782,0.09125368245643715
0.47703624066718675,0.09127059989849433
0.45668230888850103,0.09128751734055154
0.4412816936779548,0.0913044347826087
0.4413934250679437,0.09132135222466588
0.4344827274486879,0.0913382696667231
0.41013245900515394,0.09135518710878025
0.3920816530390078,0.09137210455083743
0.3772954622589345,0.09138902199289463
0.3516257657355305,0.0914059394349518
0.3573674165206144,0.09142285687700898
0.391409532467285,0.09143977431906614
0.3731043587046935,0.09145669176112331
0.3593679388299047,0.09147360920318053
0.36901368657227035,0.09149052664523769
0.36061650283714675,0.09150744408729486
0.3708152037269318,0.09152436152935206
0.36923951001218513,0.09154127897140923
0.42505738807719196,0.09155819641346641
0.432956563814491,0.09157511385552361
0.3927648771874189,0.09159203129758078
0.3980450240033532,0.09160894873963796
0.42712063052317817,0.09162586618169516
0.4163382924243714,0.09164278362375233
0.40412624292730537,0.0916597010658095
0.45638104767131216,0.09167661850786671
0.4412247498077346,0.09169353594992388
0.42258583579398734,0.09171045339198104
0.4459458277538423,0.09172737083403826
0.4322279740107063,0.09174428827609543
0.45349904686069514,0.09176120571815259
0.4568744046676638,0.0917781231602098
0.4249826584806826,0.09179504060226698
0.4296374193470308,0.09181195804432414
0.418196632197748,0.09182887548638131
0.4741927494456374,0.09184579292843853
0.467933186678092,0.09186271037049569
0.44589502317746504,0.09187962781255286
0.41657588444582644,0.09189654525461002
0.4038213416928611,0.09191346269666724
0.4344137251372784,0.09193038013872441
0.4115757119652152,0.09194729758078157
0.4148056147095776,0.09196421502283879
0.43267292480446634,0.09198113246489596
0.42551301082593396,0.09199804990695312
0.41814375846085705,0.09201496734901034
0.43478190444706094,0.09203188479106751
0.4294949912452556,0.09204880223312467
0.4103225225944406,0.09206571967518189
0.4689806862464815,0.09208263711723906
0.47751205077101944,0.09209955455929622
0.4651058170026951,0.09211647200135344
0.4516247155528397,0.0921333894434106
0.4295065357097888,0.09215030688546777
0.44829784264635275,0.09216722432752499
0.440165650292009,0.09218414176958215
0.41528942898414123,0.09220105921163932
0.4597051478664207,0.09221797665369653
0.4201609760316315,0.0922348940957537
0.494426712973285,0.09225181153781087
0.49127330826391247,0.09226872897986803
0.4524377659691928,0.0922856464219252
0.4799024880515383,0.09230256386398242
0.4626387811173476,0.09231948130603958
0.4733444338217956,0.09233639874809675
0.4589373020470605,0.09235331619015397
0.4911086557817829,0.09237023363221113
0.4817446111450492,0.0923871510742683
0.4866850327499627,0.09240406851632552
0.46237947551790237,0.09242098595838268
0.4827991645207672,0.09243790340043985
0.5097078617946839,0.09245482084249707
0.5287892648805408,0.09247173828455423
0.4738793118182205,0.0924886557266114
0.5151115571167774,0.09250557316866861
0.5149001172945267,0.09252249061072577
0.488673620761662,0.09253940805278295
0.455919212771439,0.09255632549484015
0.4443700306995578,0.09257324293689732
0.4262748057352597,0.0925901603789545
0.427768116768765,0.0926070778210117
0.41462061252321214,0.09262399526306887
0.4174686050107114,0.09264091270512605
0.42352355525414415,0.0926578301471832
0.45123118961270864,0.09267474758924042
0.4388691906485257,0.09269166503129758
0.46171793733861427,0.09270858247335476
0.4705354125883292,0.09272549991541193
0.46128392828195186,0.09274241735746913
0.4187598843390854,0.0927593347995263
0.4449442997785499,0.09277625224158348
0.44494206311004086,0.09279316968364068
0.4101602840558428,0.09281008712569785
0.42485752965098533,0.09282700456775501
0.4484552523699277,0.09284392200981223
0.4569029574558635,0.0928608394518694
0.46805930653933686,0.09287775689392656
0.4574217897234281,0.09289467433598378
0.4411924264095561,0.09291159177804095
0.43245505740343226,0.09292850922009811
0.43102160851239124,0.09294542666215533
0.41078906663321624,0.0929623441042125
0.39068427807540235,0.09297926154626966
0.3604187975442453,0.09299617898832688
0.4065240391187703,0.09301309643038405
0.41763170306625647,0.09303001387244121
0.3982069154162621,0.09304693131449839
0.3949944285217456,0.0930638487565556
0.39983129363564907,0.09308076619861276
0.4434864748422961,0.09309768364066993
0.4441704514745602,0.0931146010827271
0.4929182221987827,0.09313151852478431
0.5146831504900442,0.09314843596684148
0.47577024757060904,0.09316535340889864
0.5321826677258293,0.09318227085095586
0.5058067115732416,0.09319918829301303
0.4976098932892788,0.09321610573507019
0.47130308930641085,0.09323302317712741
0.453313117301986,0.09324994061918458
0.4343665163330439,0.09326685806124174
0.442316418537474,0.09328377550329896
0.4198665365767291,0.09330069294535612
0.4227097010764926,0.09331761038741329
0.46880765963820215,0.0933345278294705
0.463256311092596,0.09335144527152767
0.5058799955636826,0.09336836271358484
0.4718712964368317,0.09338528015564206
0.4630128581295374,0.09340219759769922
0.4721996417816451,0.09341911503975639
0.4493875031611102,0.0934360324818136
0.4157566587083163,0.09345294992387077
0.4525740273755886,0.09346986736592794
0.4257714313635904,0.0934867848079851
0.41962742307739886,0.09350370225004227
0.40630036194290664,0.09352061969209949
0.3880510477158702,0.09353753713415665
0.4044470666196566,0.09355445457621382
0.4127993367788491,0.09357137201827104
0.4148913568399189,0.0935882894603282
0.49594860840970983,0.09360520690238537
0.4545784260363159,0.09362212434444259
0.46891971552616574,0.09363904178649975
0.46405965585904296,0.09365595922855692
0.4651791314236083,0.09367287667061414
0.45534776528292964,0.0936897941126713
0.45941478315682466,0.09370671155472847
0.44549653771472975,0.09372362899678567
0.4551142699953159,0.09374054643884284
0.4577970462986819,0.09375746388090002
0.4600675489861959,0.09377438132295722
0.42674442619953107,0.0937912987650144
0.4240391750405117,0.09380821620707157
0.4272393325384366,0.09382513364912877
0.4134298296305265,0.09384205109118594
0.4137294734742424,0.0938589685332431
0.4268900629064386,0.09387588597530028
0.4486005327050643,0.09389280341735749
0.4846062200025525,0.09390972085941465
0.45849912061340065,0.09392663830147183
0.44771815692620637,0.093943555743529
0.4202473450123244,0.0939604731855862
0.426223563227572,0.09397739062764338
0.43247342870515026,0.09399430806970054
0.4284416319201902,0.09401122551175775
0.40843228946292526,0.09402814295381492
0.40104391535253625,0.09404506039587208
0.41177597729469384,0.0940619778379293
0.4085972494928443,0.09407889527998647
0.4160287469266577,0.09409581272204363
0.406200296850103,0.09411273016410085
0.41049441073028076,0.09412964760615802
0.45029936531136694,0.09414656504821518
0.4274412675615173,0.0941634824902724
0.38064279130427214,0.09418039993232957
0.43821646349690896,0.09419731737438673
0.4217643445894126,0.09421423481644395
0.4308686380517486,0.09423115225850112
0.39757102528667476,0.09424806970055828
0.3701903625286105,0.09426498714261546
0.3574426554804232,0.09428190458467266
0.3558781987957308,0.09429882202672983
0.3900616722529848,0.094315739468787
0.40926510351703327,0.09433265691084416
0.45677734818304194,0.09434957435290138
0.44773716256018176,0.09436649179495855
0.5279097479581492,0.09438340923701571
0.5247193036079134,0.09440032667907293
0.5104814336776515,0.0944172441211301
0.5232673777007882,0.09443416156318726
0.5350405131072858,0.09445107900524448
0.5144007090164073,0.09446799644730164
0.5054350402699191,0.09448491388935881
0.4835625455177847,0.09450183133141603
0.4626682174521306,0.09451874877347319
0.455064725662678,0.09453566621553036
0.42355266553990806,0.09455258365758758
0.4334875372476003,0.09456950109964474
0.4721473954062956,0.09458641854170191
0.45315190370411057,0.09460333598375913
0.47820122810626337,0.09462025342581629
0.45152236439724214,0.09463717086787346
0.44738469058624464,0.09465408830993068
0.46200513072293253,0.09467100575198784
0.4268842814563215,0.09468792319404501
0.45597553477275377,0.09470484063610217
0.506625093822384,0.09472175807815934
0.47220980549232494,0.09473867552021656
0.4828938438445436,0.09475559296227372
0.44518163553477186,0.09477251040433089
0.43747000496865,0.09478942784638811
0.4698195465507562,0.09480634528844527
0.43102123205681286,0.09482326273050244
0.4421878724481237,0.09484018017255966
0.42952161186421495,0.09485709761461682
0.41733389420099726,0.09487401505667399
0.40613523183494943,0.09489093249873119
0.4571862225391876,0.09490784994078837
0.44535279311008547,0.09492476738284554
0.4583621862512215,0.09494168482490274
0.4796969606861579,0.09495860226695992
0.4545611810195532,0.09497551970901709
0.4444290217962334,0.09499243715107429
0.4248483274147089,0.09500935459313146
0.42689693719269245,0.09502627203518862
0.429105520249378,0.09504318947724584
0.41671205759125657,0.09506010691930301
0.48878234386505853,0.09507702436136017
0.5110173683171445,0.09509394180341735
0.4628488489631791,0.09511085924547456
0.47897607633622324,0.09512777668753172
0.4716207786333707,0.0951446941295889
0.4712595485792277,0.09516161157164606
0.4623091453826998,0.09517852901370327
0.46988034920029437,0.09519544645576045
0.4629220718235381,0.0952123638978176
0.4487186355662829,0.09522928133987482
0.45322242246250205,0.095246198781932
0.4361489225719761,0.09526311622398916
0.4301778462961826,0.09528003366604637
0.4078712175238541,0.09529695110810354
0.37819985230353764,0.0953138685501607
0.39929897729227776,0.09533078599221792
0.41702221348818014,0.0953477034342751
0.4218493701214462,0.09536462087633225
0.4436364770885205,0.09538153831838947
0.49037436254468725,0.09539845576044664
0.48833718186733854,0.0954153732025038
0.5052524629125414,0.09543229064456102
0.5249060132415627,0.09544920808661818
0.48788020319235603,0.09546612552867535
0.4846734667340301,0.09548304297073257
0.45967104152992433,0.09549996041278973
0.4338059831949478,0.0955168778548469
0.42048568402071046,0.09553379529690408
0.4275714466916661,0.09555071273896124
0.44555022795574983,0.09556763018101845
0.4252068299418857,0.09558454762307561
0.4208608248524801,0.09560146506513278
0.41275825927201404,0.09561838250719
0.40610655410721697,0.09563529994924716
0.477399271834968,0.09565221739130433
0.4577767825993526,0.09566913483336155
0.5020635824896994,0.09568605227541871
0.4548826119500878,0.09570296971747588
0.4855071704545405,0.0957198871595331
0.451215138114197,0.09573680460159026
0.43981567428644736,0.09575372204364743
0.4173384221882521,0.09577063948570465
0.4499957372737646,0.09578755692776181
0.4297542719040489,0.09580447436981898
0.43319073899540717,0.0958213918118762
0.4207975970423493,0.09583830925393336
0.4486086095743397,0.09585522669599053
0.42643472157899687,0.09587214413804773
0.3935879020133348,0.0958890615801049
0.39531064019511,0.09590597902216208
0.43467210520036903,0.09592289646421924
0.43741170993429734,0.09593981390627646
0.44697665517316115,0.09595673134833363
0.4918250508688756,0.09597364879039079
0.4613550239867265,0.09599056623244796
0.45957293582489456,0.09600748367450518
0.49878842411462754,0.09602440111656234
0.48859882377008035,0.09604131855861951
0.4770065905445372,0.09605823600067671
0.43118062212415975,0.09607515344273389
0.46764102851826705,0.09609207088479106
0.4436065099674762,0.09610898832684826
0.43559792574551115,0.09612590576890544
0.40175228664323814,0.09614282321096261
0.3991393693212281,0.09615974065301981
0.44759007278471075,0.09617665809507699
0.48398487952064584,0.09619357553713415
0.4767954940534521,0.09621049297919136
0.4483397181778661,0.09622741042124854
0.4712055107712358,0.0962443278633057
0.47082371757504227,0.09626124530536291
0.4922265628661862,0.09627816274742008
0.47540066796033786,0.09629508018947724
0.4620294901330408,0.09631199763153442
0.48285351058635206,0.09632891507359163
0.48771967379882414,0.0963458325156488
0.5264754445444304,0.09636274995770597
0.5069031835469213,0.09637966739976313
0.541830525467603,0.09639658484182034
0.5250011151391734,0.09641350228387752
0.5586668900933639,0.09643041972593468
0.5268549126217187,0.09644733716799189
0.5246036372049189,0.09646425461004907
0.5168934541116982,0.09648117205210623
0.5188854517277741,0.09649808949416344
0.5788374806830616,0.09651500693622062
0.5430725070150162,0.09653192437827778
0.5162484111238691,0.09654884182033499
0.5449901153126695,0.09656575926239216
0.5279956403954298,0.09658267670444932
0.4978533938394762,0.09659959414650654
0.4964816176785451,0.0966165115885637
0.4684029681597886,0.09663342903062087
0.4501367817810963,0.09665034647267809
0.44889233791762917,0.09666726391473525
0.44271009392686156,0.09668418135679242
0.41943255644756533,0.09670109879884964
0.4434017704464434,0.0967180162409068
0.45189859998523707,0.09673493368296397
0.48673282490014647,0.09675185112502113
0.5872704380817383,0.0967687685670783
0.5351878995948768,0.09678568600913552
0.4962890800041943,0.09680260345119268
0.4695237919650864,0.09681952089324986
0.44953101634680365,0.09683643833530707
0.46595200109242707,0.09685335577736423
0.4780246552448218,0.0968702732194214
0.45773331019248525,0.09688719066147862
0.47060704781982077,0.09690410810353578
0.4725357278535587,0.09692102554559295
0.47991568917829375,0.09693794298765017
0.4424348141733693,0.09695486042970733
0.43791978088886635,0.0969717778717645
0.4390834572146026,0.09698869531382172
0.45208857077198733,0.09700561275587888
0.4901182104574642,0.09702253019793605
0.48975657021419217,0.09703944763999325
0.5408805616332373,0.09705636508205043
0.5485111004220073,0.0970732825241076
0.5125703077401023,0.0970901999661648
0.5263192066260418,0.09710711740822198
0.5252395279175632,0.09712403485027915
0.5179936414533133,0.09714095229233631
0.49167720481342275,0.09715786973439353
0.510428210135986,0.09717478717645069
0.49842781824802534,0.09719170461850786
0.4701505979135448,0.09720862206056503
0.45670341294883204,0.09722553950262224
0.42745315704249154,0.09724245694467941
0.4418212566654111,0.09725937438673658
0.45440407545409406,0.09727629182879378
0.4888813650690858,0.09729320927085096
0.4878071730203108,0.09731012671290813
0.4671108750396312,0.09732704415496533
0.46059281451649203,0.09734396159702251
0.45719270168262116,0.09736087903907967
0.45294911669506543,0.09737779648113688
0.42445884551059343,0.09739471392319406
0.44425734206399237,0.09741163136525122
0.4309861963936561,0.09742854880730843
0.4258246724564929,0.0974454662493656
0.4458771113363186,0.09746238369142277
0.4315276852295621,0.09747930113347998
0.44064752149946085,0.09749621857553716
0.46821970453553674,0.09751313601759432
0.47891904680485153,0.09753005345965149
0.5056118032817414,0.0975469709017087
0.504263636389126,0.09756388834376586
0.4942116951296724,0.09758080578582304
0.4985672764261561,0.0975977232278802
0.5187691515509286,0.09761464066993741
0.5651216201642354,0.09763155811199459
0.5399546557791391,0.09764847555405175
0.534059447775472,0.09766539299610896
0.5175218742928416,0.09768231043816614
0.5035228857868124,0.0976992278802233
0.4895622237104741,0.09771614532228051
0.4782807432475541,0.09773306276433769
0.45382968011401925,0.09774998020639485
0.4366439376108077,0.09776689764845206
0.410965497798302,0.09778381509050922
0.3946795487456149,0.0978007325325664
0.3945213456195693,0.09781764997462361
0.3903288641963085,0.09783456741668077
0.43774218157082245,0.09785148485873794
0.42561590707420865,0.09786840230079516
0.4739942911157573,0.09788531974285232
0.45315756105498994,0.0979022371849095
0.4465811149526956,0.09791915462696671
0.42235854635630626,0.09793607206902387
0.4701546221573717,0.09795298951108104
0.45143367764151626,0.0979699069531382
0.49901386830645034,0.09798682439519538
0.47601141121734963,0.09800374183725259
0.4507115072945737,0.09802065927930975
0.458627363994915,0.09803757672136693
0.4685849594713837,0.09805449416342414
0.4913550533963513,0.0980714116054813
0.5479328686486302,0.09808832904753848
0.500700245657811,0.09810524648959569
0.49379453886290353,0.09812216393165285
0.46005337896935117,0.09813908137371002
0.45024447610371887,0.09815599881576724
0.4294697679709878,0.0981729162578244
0.429921647916753,0.09818983369988157
0.43287336707951146,0.09820675114193878
0.4456924429006698,0.09822366858399595
0.5075733487182714,0.09824058602605312
0.4831916252274401,0.09825750346811032
0.5058951743045718,0.0982744209101675
0.46854004205062155,0.09829133835222467
0.5002557272974186,0.09830825579428187
0.49299662790803384,0.09832517323633905
0.4724581975309712,0.09834209067839621
0.5019104233240018,0.09835900812045338
0.49918474363127785,0.0983759255625106
0.4594651707556998,0.09839284300456776
0.43013578244425105,0.09840976044662493
0.4457200852106194,0.0984266778886821
0.4465074012335285,0.0984435953307393
0.4330974038168704,0.09846051277279648
0.44178654279112145,0.09847743021485365
0.4779397489690727,0.09849434765691086
0.47315603630256226,0.09851126509896803
0.46952024806747095,0.09852818254102519
0.43911656704910007,0.0985450999830824
0.4358362374096506,0.09856201742513958
0.4045525703739638,0.09857893486719674
0.3930361619720074,0.09859585230925395
0.3734416525466611,0.09861276975131113
0.3722924002729551,0.09862968719336829
0.45360652277650015,0.0986466046354255
0.409473588425172,0.09866352207748268
0.4129419309761148,0.09868043951953984
0.4209818349572835,0.09869735696159705
0.4373256767823551,0.09871427440365423
0.4615092917310599,0.09873119184571139
0.5278615986527924,0.0987481092877686
0.49607842844501526,0.09876502672982578
0.47641321167767364,0.09878194417188293
0.4653744093213107,0.09879886161394011
0.46038823657303063,0.09881577905599727
0.4534210688517015,0.09883269649805448
0.4498800139940199,0.09884961394011166
0.479472132628474,0.09886653138216882
0.4727307753605154,0.09888344882422603
0.46902862563471054,0.09890036626628321
0.468505045769533,0.09891728370834037
0.44350836753679956,0.09893420115039758
0.4285646882043969,0.09895111859245474
0.4010089025010023,0.09896803603451192
0.4118803191271904,0.09898495347656913
0.4375075259278205,0.09900187091862629
0.44724259443839287,0.09901878836068347
0.4264178925177248,0.09903570580274068
0.45069588847325576,0.09905262324479784
0.4269011448015081,0.09906954068685501
0.4091437741271104,0.09908645812891223
0.39201951497009957,0.09910337557096939
0.4463711180147455,0.09912029301302656
0.43679425302004227,0.09913721045508378
0.500574304126544,0.09915412789714094
0.4584484743776665,0.09917104533919811
0.46569340608141785,0.09918796278125527
0.4418120855619269,0.09920488022331249
0.44924276070036556,0.09922179766536966
0.5013673344948933,0.09923871510742682
0.5229118140299357,0.099255632549484
0.5011017598119766,0.09927254999154121
0.4911347728894067,0.09928946743359837
0.48551225280172927,0.09930638487565555
0.46399023823267066,0.09932330231771276
0.47415548318486095,0.09934021975976992
0.4520830432880774,0.0993571372018271
0.42595179043681264,0.0993740546438843
0.4280573579666681,0.09939097208594147
0.41429962539654314,0.09940788952799864
0.3803998704670377,0.09942480697005585
0.4087924858664281,0.09944172441211302
0.3991200606612211,0.0994586418541702
0.4273799046347813,0.0994755592962274
0.41038799758515965,0.09949247673828457
0.38713156959026823,0.09950939418034173
0.4315310103147012,0.09952631162239894
0.4447487280725465,0.09954322906445612
0.4519689191149891,0.09956014650651328
0.43867067366975315,0.09957706394857045
0.44511156177630246,0.09959398139062767
0.42703011946765757,0.09961089883268483
0.4441814447791432,0.099627816274742
0.42659700118311683,0.09964473371679916
0.39395040434844053,0.09966165115885638
0.36819652447896606,0.09967856860091355
0.4086383281532718,0.09969548604297071
0.3979364453461801,0.09971240348502793
0.3898702298567323,0.0997293209270851
0.38116514364605175,0.09974623836914226
0.3966907237348956,0.09976315581119947
0.42433523928149564,0.09978007325325665
0.4317863090437573,0.09979699069531381
0.4927093230566917,0.09981390813737102
0.48360370937041747,0.0998308255794282
0.4473108358625755,0.09984774302148536
0.43693519293818356,0.09986466046354257
0.4518819146120825,0.09988157790559975
0.465329527279876,0.09989849534765691
0.4566363985706507,0.09991541278971412
0.48983973227891436,0.09993233023177128
0.48203116625907516,0.09994924767382846
0.4833907065420349,0.09996616511588567
0.48241452794305484,0.09998308255794283
0.47955983218377435,0.1
